"","x"
"1",0.5
"2",0.25
"3",0.166666666666667
"4",0.333333333333333
"5",0.777777777777778
"6",0.5
"7",2
"8",1
"9",1.5
"10",1.25
"11",0.285714285714286
"12",0.333333333333333
"13",2.5
"14",0.666666666666667
"15",0.333333333333333
"16",1
"17",2
"18",2.5
"19",1.25
"20",0.666666666666667
"21",0.666666666666667
"22",2
"23",5
"24",1
"25",0.5
"26",0.416666666666667
"27",1
"28",0.333333333333333
"29",0.5
"30",0.5
"31",12
"32",0.5
"33",0.333333333333333
"34",0.25
"35",1
"36",1
"37",4
"38",2
"39",1
"40",0.333333333333333
"41",0.875
"42",0.142857142857143
"43",1
"44",0.333333333333333
"45",0.75
"46",1.15384615384615
"47",0.5
"48",0.5
"49",2.66666666666667
"50",0.2
"51",1
"52",1
"53",1
"54",1.5
"55",1
"56",0.166666666666667
"57",0.5
"58",0.6
"59",0.8
"60",0.6
"61",2
"62",2.25
"63",1
"64",2.4
"65",0.4
"66",1
"67",1
"68",1
"69",2.66666666666667
"70",0.333333333333333
"71",0.666666666666667
"72",2
"73",1.14285714285714
"74",0.333333333333333
"75",2.66666666666667
"76",1
"77",0.166666666666667
"78",0.857142857142857
"79",0.5
"80",0.5
"81",1
"82",1
"83",0.333333333333333
"84",0.5
"85",0.5
"86",0.333333333333333
"87",1.6
"88",0.375
"89",0.5
"90",0.5
"91",1.25
"92",1
"93",1.33333333333333
"94",2.2
"95",0.5
"96",1.25
"97",0.375
"98",0.5
"99",2
"100",0.25
"101",0.666666666666667
"102",1.28571428571429
"103",0.333333333333333
"104",1
"105",0.25
"106",2.5
"107",1.33333333333333
"108",0.2
"109",0.7
"110",1
"111",0.166666666666667
"112",1
"113",0.5
"114",0.333333333333333
"115",1
"116",0.833333333333333
"117",0.666666666666667
"118",0.333333333333333
"119",1.25
"120",0.666666666666667
"121",0.2
"122",1.5
"123",1
"124",1
"125",1
"126",0.5
"127",0.5
"128",0.333333333333333
"129",1
"130",1.25
"131",0.333333333333333
"132",0.166666666666667
"133",1
"134",0.333333333333333
"135",1
"136",0.6
"137",0.5
"138",0.4
"139",0.5
"140",0.5
"141",0.25
"142",1
"143",0.333333333333333
"144",0.5
"145",0.5
"146",1
"147",0.428571428571429
"148",1.5
"149",1
"150",0.111111111111111
"151",3
"152",0.333333333333333
"153",0.8
"154",0.875
"155",1.5
"156",1
"157",1
"158",1
"159",1
"160",1
"161",0.333333333333333
"162",0.5
"163",1.5
"164",1
"165",2
"166",0.2
"167",2.25
"168",3
"169",0.714285714285714
"170",0.666666666666667
"171",0.5
"172",1
"173",1.66666666666667
"174",2
"175",4
"176",0.2
"177",1
"178",0.7
"179",1
"180",1
"181",0.4
"182",0.4
"183",0.142857142857143
"184",1
"185",3
"186",0.8
"187",0.75
"188",1.33333333333333
"189",0.6
"190",2
"191",1
"192",0.416666666666667
"193",1
"194",0.333333333333333
"195",1
"196",0.5
"197",0.5
"198",0.5
"199",1.6
"200",1.8
"201",2
"202",1.33333333333333
"203",0.714285714285714
"204",0.555555555555556
"205",1
"206",1
"207",0.166666666666667
"208",0.142857142857143
"209",0.444444444444444
"210",1
"211",5
"212",0.666666666666667
"213",0.666666666666667
"214",0.5
"215",0.5
"216",1
"217",0.444444444444444
"218",1.5
"219",0.5
"220",1.5
"221",1
"222",0.777777777777778
"223",0.333333333333333
"224",4
"225",0.5
"226",1
"227",0.285714285714286
"228",0.6
"229",0.333333333333333
"230",1
"231",0.454545454545455
"232",0.5
"233",0.5
"234",0.333333333333333
"235",0.5
"236",0.2
"237",0.25
"238",0.5
"239",1.75
"240",0.666666666666667
"241",0.333333333333333
"242",0.866666666666667
"243",1.25
"244",0.6
"245",0.5
"246",0.4
"247",1
"248",1
"249",1
"250",1
"251",1
"252",0.333333333333333
"253",0.5
"254",1
"255",2.33333333333333
"256",1
"257",0.5
"258",2
"259",1.5
"260",1
"261",2.5
"262",1
"263",0.25
"264",0.333333333333333
"265",1
"266",0.666666666666667
"267",2
"268",1.33333333333333
"269",1.5
"270",1
"271",1
"272",0.333333333333333
"273",2
"274",2
"275",2
"276",1
"277",1.5
"278",1
"279",1
"280",1
"281",0.25
"282",1.28571428571429
"283",0.333333333333333
"284",1
"285",1
"286",0.4
"287",0.7
"288",0.666666666666667
"289",3
"290",0.625
"291",0.416666666666667
"292",0.25
"293",1.5
"294",1
"295",0.5
"296",1
"297",1.33333333333333
"298",0.555555555555556
"299",0.2
"300",3
"301",6
"302",1
"303",1.125
"304",1
"305",1
"306",1.5
"307",2.33333333333333
"308",1
"309",1
"310",2.66666666666667
"311",1.66666666666667
"312",1
"313",0.4
"314",0.625
"315",2
"316",1
"317",1
"318",0.6
"319",1
"320",0.25
"321",0.5
"322",0.5
"323",1
"324",1
"325",1.5
"326",0.5
"327",0.5
"328",0.5
"329",0.2
"330",0.5
"331",1.125
"332",0.5
"333",1.2
"334",1.16666666666667
"335",0.333333333333333
"336",0.6
"337",0.181818181818182
"338",0.428571428571429
"339",2
"340",0.428571428571429
"341",1
"342",1
"343",1.42857142857143
"344",0.25
"345",1
"346",1.25
"347",0.333333333333333
"348",1
"349",0.8
"350",0.666666666666667
"351",1
"352",0.428571428571429
"353",0.5
"354",0.333333333333333
"355",3
"356",0.888888888888889
"357",0.75
"358",0.666666666666667
"359",2
"360",0.333333333333333
"361",2
"362",1
"363",0.7
"364",0.416666666666667
"365",1
"366",0.75
"367",0.5
"368",0.833333333333333
"369",2
"370",1
"371",1.33333333333333
"372",1
"373",1.125
"374",1.8
"375",2
"376",2
"377",0.666666666666667
"378",0.777777777777778
"379",1.33333333333333
"380",0.4
"381",1
"382",1
"383",0.2
"384",0.25
"385",2
"386",1
"387",1
"388",0.5
"389",2
"390",0.5
"391",0.333333333333333
"392",0.181818181818182
"393",1.33333333333333
"394",0.5
"395",0.333333333333333
"396",2.5
"397",0.8
"398",0.666666666666667
"399",1
"400",0.2
"401",0.75
"402",1
"403",0.333333333333333
"404",0.666666666666667
"405",1
"406",0.4
"407",1
"408",1
"409",3
"410",0.666666666666667
"411",0.5
"412",0.5
"413",1
"414",0.333333333333333
"415",0.5
"416",1
"417",0.888888888888889
"418",1.5
"419",0.2
"420",0.25
"421",1.16666666666667
"422",1.66666666666667
"423",1.4
"424",2
"425",0.666666666666667
"426",1.5
"427",0.625
"428",3
"429",2
"430",0.666666666666667
"431",0.375
"432",1.5
"433",4
"434",0.25
"435",3
"436",0.5
"437",0.833333333333333
"438",0.25
"439",1.5
"440",1.66666666666667
"441",0.333333333333333
"442",0.555555555555556
"443",0.666666666666667
"444",2
"445",0.666666666666667
"446",1.5
"447",1.66666666666667
"448",0.5
"449",0.6
"450",2.33333333333333
"451",0.8
"452",0.2
"453",1
"454",3
"455",1.8
"456",1
"457",1.5
"458",0.142857142857143
"459",0.5
"460",4
"461",0.333333333333333
"462",1
"463",1
"464",1.66666666666667
"465",0.25
"466",0.25
"467",0.0833333333333333
"468",0.5
"469",0.25
"470",1
"471",0.25
"472",0.333333333333333
"473",0.5
"474",0.6
"475",0.25
"476",0.5
"477",1.15384615384615
"478",1
"479",1
"480",0.6
"481",0.5
"482",5
"483",1
"484",2
"485",0.5
"486",1
"487",0.714285714285714
"488",1
"489",1.4
"490",0.5
"491",0.166666666666667
"492",0.0833333333333333
"493",1
"494",1
"495",1
"496",1.2
"497",0.6
"498",1.5
"499",2
"500",2.5
"501",1.5
"502",0.25
"503",0.866666666666667
"504",0.5
"505",0.857142857142857
"506",1.16666666666667
"507",0.833333333333333
"508",2
"509",0.666666666666667
"510",0.866666666666667
"511",0.5
"512",1
"513",1.28571428571429
"514",0.666666666666667
"515",0.5
"516",2
"517",1
"518",0.4
"519",0.8
"520",0.5
"521",1.28571428571429
"522",0.666666666666667
"523",1
"524",1
"525",0.333333333333333
"526",0.5
"527",0.181818181818182
"528",1
"529",1.2
"530",1.33333333333333
"531",0.777777777777778
"532",1
"533",0.714285714285714
"534",0.444444444444444
"535",1
"536",0.25
"537",1
"538",1
"539",0.5
"540",2
"541",0.75
"542",2.25
"543",0.666666666666667
"544",1
"545",1
"546",0.333333333333333
"547",0.6
"548",1
"549",0.5
"550",0.5
"551",1
"552",0.5
"553",0.866666666666667
"554",2
"555",1.5
"556",1.5
"557",0.25
"558",1
"559",0.6
"560",0.8
"561",1.25
"562",3
"563",0.75
"564",1
"565",0.5
"566",0.25
"567",0.2
"568",1
"569",0.111111111111111
"570",0.4
"571",2.66666666666667
"572",0.5
"573",0.2
"574",0.75
"575",2
"576",0.454545454545455
"577",0.8
"578",0.571428571428571
"579",0.5
"580",4
"581",0.866666666666667
"582",0.333333333333333
"583",1
"584",1
"585",0.444444444444444
"586",2
"587",0.555555555555556
"588",1.15384615384615
"589",0.333333333333333
"590",0.166666666666667
"591",2
"592",1
"593",0.5
"594",1
"595",1
"596",1
"597",0.666666666666667
"598",0.454545454545455
"599",0.8
"600",1
"601",0.5
"602",3
"603",2
"604",5
"605",0.4
"606",0.2
"607",0.666666666666667
"608",0.166666666666667
"609",1
"610",0.5
"611",0.333333333333333
"612",0.25
"613",0.666666666666667
"614",0.25
"615",0.5
"616",3
"617",0.666666666666667
"618",0.857142857142857
"619",2
"620",1
"621",0.333333333333333
"622",0.5
"623",1
"624",1.25
"625",2
"626",1
"627",0.8
"628",0.777777777777778
"629",0.25
"630",3
"631",1.4
"632",1.2
"633",0.333333333333333
"634",0.25
"635",0.5
"636",1.5
"637",1
"638",1
"639",0.333333333333333
"640",1
"641",0.5
"642",0.166666666666667
"643",0.5
"644",1
"645",0.5
"646",0.666666666666667
"647",0.142857142857143
"648",1
"649",1
"650",1
"651",1
"652",0.111111111111111
"653",0.25
"654",0.666666666666667
"655",4
"656",1
"657",1.28571428571429
"658",0.333333333333333
"659",1.5
"660",1.66666666666667
"661",1.66666666666667
"662",1
"663",1
"664",0.555555555555556
"665",1.33333333333333
"666",1.4
"667",1
"668",0.25
"669",0.5
"670",2
"671",1
"672",0.444444444444444
"673",1
"674",2
"675",0.5
"676",0.5
"677",2
"678",1
"679",0.333333333333333
"680",0.75
"681",0.333333333333333
"682",1.33333333333333
"683",1
"684",2
"685",2
"686",0.8
"687",0.25
"688",0.5
"689",1
"690",0.333333333333333
"691",0.25
"692",2
"693",0.666666666666667
"694",1
"695",1
"696",0.333333333333333
"697",0.7
"698",2.5
"699",1
"700",0.75
"701",1.4
"702",1.22222222222222
"703",0.2
"704",0.5
"705",0.6
"706",0.666666666666667
"707",5
"708",0.5
"709",1.5
"710",1
"711",0.8
"712",0.666666666666667
"713",0.25
"714",2.25
"715",1
"716",5
"717",0.5
"718",0.8
"719",0.75
"720",0.333333333333333
"721",1
"722",0.75
"723",1
"724",0.5
"725",1
"726",0.666666666666667
"727",0.666666666666667
"728",0.5
"729",0.5
"730",0.2
"731",1.25
"732",2.33333333333333
"733",0.375
"734",2
"735",1
"736",0.818181818181818
"737",1
"738",1
"739",0.6
"740",0.6
"741",1
"742",1.16666666666667
"743",0.75
"744",3
"745",1.5
"746",2
"747",0.333333333333333
"748",3
"749",1
"750",2.4
"751",1.28571428571429
"752",0.6
"753",1.25
"754",0.666666666666667
"755",0.333333333333333
"756",1
"757",0.5
"758",1
"759",0.333333333333333
"760",0.5
"761",0.5
"762",0.5
"763",0.5
"764",1
"765",3
"766",1
"767",0.166666666666667
"768",0.5
"769",1.5
"770",1.4
"771",1.25
"772",0.333333333333333
"773",1
"774",0.5
"775",1.33333333333333
"776",0.6
"777",0.75
"778",1.5
"779",5
"780",1
"781",0.5
"782",0.8
"783",0.25
"784",0.666666666666667
"785",0.2
"786",0.714285714285714
"787",0.5
"788",0.5
"789",1
"790",1
"791",2
"792",0.888888888888889
"793",0.111111111111111
"794",0.4
"795",1
"796",0.2
"797",0.5
"798",2
"799",0.8
"800",1.33333333333333
"801",0.333333333333333
"802",4
"803",1
"804",0.8
"805",0.5
"806",1.15384615384615
"807",0.666666666666667
"808",0.5
"809",0.25
"810",1
"811",1
"812",0.5
"813",0.75
"814",0.181818181818182
"815",0.5
"816",0.428571428571429
"817",0.444444444444444
"818",4
"819",0.142857142857143
"820",1.22222222222222
"821",1.5
"822",1
"823",0.4
"824",0.428571428571429
"825",0.5
"826",1.22222222222222
"827",0.4
"828",2
"829",0.666666666666667
"830",1
"831",0.5
"832",0.333333333333333
"833",0.111111111111111
"834",0.2
"835",0.5
"836",0.333333333333333
"837",0.444444444444444
"838",1.15384615384615
"839",0.333333333333333
"840",1
"841",1.4
"842",0.75
"843",0.25
"844",0.666666666666667
"845",1.33333333333333
"846",1.25
"847",0.5
"848",3
"849",1
"850",0.875
"851",1.5
"852",0.333333333333333
"853",2
"854",0.8
"855",0.5
"856",2
"857",0.5
"858",0.866666666666667
"859",0.666666666666667
"860",0.777777777777778
"861",0.25
"862",2.2
"863",1.15384615384615
"864",1.66666666666667
"865",0.888888888888889
"866",1
"867",1.5
"868",0.8
"869",0.5
"870",0.166666666666667
"871",0.166666666666667
"872",1
"873",1.8
"874",1
"875",0.75
"876",1.28571428571429
"877",0.4
"878",0.5
"879",0.166666666666667
"880",1.2
"881",0.5
"882",0.571428571428571
"883",0.875
"884",0.5
"885",0.666666666666667
"886",0.6
"887",1.66666666666667
"888",2
"889",3
"890",0.142857142857143
"891",1.25
"892",1
"893",0.428571428571429
"894",2
"895",2
"896",0.5
"897",1.25
"898",5
"899",0.75
"900",5
"901",0.666666666666667
"902",1.25
"903",0.8
"904",2
"905",0.714285714285714
"906",2
"907",2
"908",0.8
"909",0.333333333333333
"910",1.25
"911",0.6
"912",0.5
"913",0.333333333333333
"914",0.166666666666667
"915",1.66666666666667
"916",0.666666666666667
"917",0.25
"918",0.857142857142857
"919",1
"920",1.14285714285714
"921",4
"922",0.666666666666667
"923",2
"924",0.75
"925",0.25
"926",1
"927",1
"928",0.75
"929",0.333333333333333
"930",0.8
"931",0.7
"932",1
"933",0.75
"934",0.5
"935",0.333333333333333
"936",0.25
"937",0.5
"938",2
"939",2
"940",1.66666666666667
"941",0.333333333333333
"942",1
"943",0.714285714285714
"944",2
"945",1.42857142857143
"946",0.8
"947",2.5
"948",0.5
"949",0.666666666666667
"950",1
"951",1
"952",1.25
"953",0.8
"954",0.777777777777778
"955",1
"956",0.25
"957",0.25
"958",0.75
"959",1
"960",0.8
"961",0.2
"962",1.5
"963",0.5
"964",1
"965",0.333333333333333
"966",3
"967",0.333333333333333
"968",2
"969",1
"970",1.25
"971",2
"972",0.714285714285714
"973",0.666666666666667
"974",1.5
"975",1.5
"976",0.777777777777778
"977",0.25
"978",0.5
"979",2.4
"980",1
"981",0.5
"982",1.33333333333333
"983",0.5
"984",0.866666666666667
"985",0.333333333333333
"986",1
"987",0.75
"988",0.375
"989",0.5
"990",1
"991",0.8
"992",0.166666666666667
"993",0.5
"994",0.833333333333333
"995",1.42857142857143
"996",1
"997",0.333333333333333
"998",0.25
"999",0.666666666666667
"1000",1
"1001",3
"1002",0.2
"1003",0.5
"1004",1.25
"1005",0.5
"1006",0.5
"1007",1.75
"1008",2
"1009",0.25
"1010",0.8
"1011",0.833333333333333
"1012",0.818181818181818
"1013",0.5
"1014",1
"1015",1.4
"1016",0.333333333333333
"1017",2.33333333333333
"1018",1.5
"1019",2
"1020",1
"1021",0.2
"1022",0.818181818181818
"1023",3.5
"1024",2
"1025",3
"1026",2
"1027",5
"1028",0.5
"1029",0.2
"1030",0.2
"1031",1
"1032",1
"1033",0.5
"1034",1
"1035",0.5
"1036",0.333333333333333
"1037",1
"1038",0.5
"1039",0.6
"1040",0.666666666666667
"1041",0.428571428571429
"1042",0.166666666666667
"1043",1.15384615384615
"1044",0.666666666666667
"1045",1
"1046",0.8
"1047",1
"1048",0.333333333333333
"1049",1.22222222222222
"1050",0.5
"1051",4
"1052",1
"1053",1.5
"1054",1
"1055",0.6
"1056",0.714285714285714
"1057",0.25
"1058",1
"1059",0.333333333333333
"1060",1
"1061",1
"1062",1
"1063",1.42857142857143
"1064",1
"1065",2
"1066",0.666666666666667
"1067",1
"1068",0.4
"1069",0.666666666666667
"1070",2
"1071",1
"1072",1
"1073",1
"1074",0.333333333333333
"1075",1
"1076",0.8
"1077",0.4
"1078",0.5
"1079",2
"1080",1.5
"1081",1
"1082",1.33333333333333
"1083",0.5
"1084",1
"1085",1.5
"1086",0.5
"1087",1.66666666666667
"1088",2
"1089",0.8
"1090",0.333333333333333
"1091",0.5
"1092",0.25
"1093",1.5
"1094",3
"1095",1.4
"1096",0.5
"1097",0.25
"1098",0.5
"1099",0.333333333333333
"1100",0.666666666666667
"1101",0.75
"1102",0.4
"1103",1.5
"1104",0.333333333333333
"1105",1.25
"1106",1.5
"1107",0.5
"1108",1.25
"1109",0.285714285714286
"1110",0.5
"1111",2
"1112",0.666666666666667
"1113",1.25
"1114",4
"1115",0.75
"1116",0.555555555555556
"1117",0.666666666666667
"1118",2
"1119",1
"1120",0.75
"1121",1
"1122",0.5
"1123",0.444444444444444
"1124",1
"1125",2
"1126",1
"1127",0.25
"1128",0.5
"1129",0.0833333333333333
"1130",0.5
"1131",1.25
"1132",2
"1133",0.5
"1134",0.8
"1135",0.5
"1136",0.25
"1137",0.666666666666667
"1138",1
"1139",0.833333333333333
"1140",0.555555555555556
"1141",1
"1142",0.333333333333333
"1143",1.5
"1144",1
"1145",2
"1146",0.866666666666667
"1147",2.66666666666667
"1148",1
"1149",7
"1150",0.428571428571429
"1151",0.25
"1152",0.333333333333333
"1153",0.75
"1154",0.333333333333333
"1155",0.666666666666667
"1156",2.25
"1157",1.33333333333333
"1158",0.25
"1159",0.5
"1160",2
"1161",2.5
"1162",0.818181818181818
"1163",1.5
"1164",1
"1165",0.25
"1166",0.333333333333333
"1167",0.166666666666667
"1168",0.625
"1169",0.875
"1170",0.5
"1171",0.5
"1172",0.5
"1173",2
"1174",1
"1175",0.2
"1176",0.5
"1177",1
"1178",0.75
"1179",1
"1180",0.333333333333333
"1181",0.5
"1182",0.166666666666667
"1183",1
"1184",1
"1185",0.454545454545455
"1186",0.5
"1187",2.33333333333333
"1188",1
"1189",0.75
"1190",1.4
"1191",1
"1192",0.333333333333333
"1193",1
"1194",1.5
"1195",1
"1196",0.333333333333333
"1197",0.666666666666667
"1198",0.666666666666667
"1199",0.8
"1200",1.125
"1201",2.33333333333333
"1202",1.66666666666667
"1203",0.5
"1204",0.285714285714286
"1205",1
"1206",0.5
"1207",0.666666666666667
"1208",0.375
"1209",0.75
"1210",0.714285714285714
"1211",0.2
"1212",0.333333333333333
"1213",0.75
"1214",0.375
"1215",0.8
"1216",1.5
"1217",0.285714285714286
"1218",0.75
"1219",0.5
"1220",1.5
"1221",0.2
"1222",0.166666666666667
"1223",1.66666666666667
"1224",1.28571428571429
"1225",1
"1226",0.333333333333333
"1227",1
"1228",1
"1229",0.75
"1230",1.66666666666667
"1231",0.25
"1232",0.833333333333333
"1233",1
"1234",0.166666666666667
"1235",1
"1236",0.666666666666667
"1237",0.333333333333333
"1238",0.666666666666667
"1239",0.428571428571429
"1240",2
"1241",0.25
"1242",1.25
"1243",0.666666666666667
"1244",0.75
"1245",0.333333333333333
"1246",0.111111111111111
"1247",0.333333333333333
"1248",0.25
"1249",1.125
"1250",0.5
"1251",1
"1252",0.888888888888889
"1253",0.75
"1254",1.33333333333333
"1255",2
"1256",2
"1257",0.666666666666667
"1258",1
"1259",0.444444444444444
"1260",0.571428571428571
"1261",0.25
"1262",0.666666666666667
"1263",1
"1264",0.25
"1265",1
"1266",0.166666666666667
"1267",1.33333333333333
"1268",0.25
"1269",0.333333333333333
"1270",1
"1271",0.714285714285714
"1272",0.5
"1273",0.166666666666667
"1274",0.5
"1275",2.25
"1276",4
"1277",2
"1278",0.111111111111111
"1279",0.142857142857143
"1280",1
"1281",0.166666666666667
"1282",0.4
"1283",1
"1284",0.8
"1285",0.25
"1286",1
"1287",2
"1288",2.5
"1289",0.6
"1290",0.2
"1291",4
"1292",0.4
"1293",0.333333333333333
"1294",1
"1295",0.625
"1296",0.5
"1297",0.333333333333333
"1298",1
"1299",3
"1300",0.866666666666667
"1301",0.2
"1302",1
"1303",1.28571428571429
"1304",3
"1305",0.333333333333333
"1306",2
"1307",1
"1308",2
"1309",0.166666666666667
"1310",0.5
"1311",1
"1312",9
"1313",1
"1314",1
"1315",1
"1316",1
"1317",1
"1318",0.777777777777778
"1319",0.2
"1320",1
"1321",0.666666666666667
"1322",0.2
"1323",0.2
"1324",0.5
"1325",0.25
"1326",0.333333333333333
"1327",2
"1328",2
"1329",0.5
"1330",1
"1331",0.5
"1332",0.5
"1333",1.8
"1334",1
"1335",1.5
"1336",1
"1337",3
"1338",0.454545454545455
"1339",0.666666666666667
"1340",0.6
"1341",2
"1342",2
"1343",1
"1344",0.333333333333333
"1345",0.857142857142857
"1346",0.8
"1347",0.428571428571429
"1348",0.8
"1349",0.2
"1350",1.25
"1351",0.818181818181818
"1352",1
"1353",0.333333333333333
"1354",0.571428571428571
"1355",0.666666666666667
"1356",0.454545454545455
"1357",0.5
"1358",1
"1359",0.333333333333333
"1360",0.666666666666667
"1361",1
"1362",1.33333333333333
"1363",0.8
"1364",0.333333333333333
"1365",0.333333333333333
"1366",0.5
"1367",1
"1368",2
"1369",0.333333333333333
"1370",0.2
"1371",0.5
"1372",0.25
"1373",0.25
"1374",0.142857142857143
"1375",1
"1376",0.333333333333333
"1377",0.5
"1378",0.25
"1379",1
"1380",1
"1381",2.5
"1382",0.6
"1383",0.111111111111111
"1384",1.15384615384615
"1385",3
"1386",2.33333333333333
"1387",0.714285714285714
"1388",0.416666666666667
"1389",1
"1390",0.5
"1391",0.5
"1392",1
"1393",2
"1394",0.5
"1395",0.6
"1396",0.25
"1397",1
"1398",0.2
"1399",0.416666666666667
"1400",0.5
"1401",1.33333333333333
"1402",0.333333333333333
"1403",0.166666666666667
"1404",2.5
"1405",0.333333333333333
"1406",0.4
"1407",0.0833333333333333
"1408",1.66666666666667
"1409",0.2
"1410",1
"1411",1
"1412",1
"1413",1.33333333333333
"1414",1.33333333333333
"1415",0.142857142857143
"1416",1
"1417",0.5
"1418",1.33333333333333
"1419",0.375
"1420",0.5
"1421",0.666666666666667
"1422",0.5
"1423",1
"1424",0.25
"1425",0.6
"1426",0.5
"1427",1.66666666666667
"1428",2
"1429",1.2
"1430",0.4
"1431",0.181818181818182
"1432",0.333333333333333
"1433",0.25
"1434",0.333333333333333
"1435",0.5
"1436",0.666666666666667
"1437",1.5
"1438",1
"1439",0.25
"1440",2.25
"1441",0.2
"1442",0.2
"1443",0.8
"1444",0.25
"1445",7
"1446",0.333333333333333
"1447",1
"1448",0.75
"1449",1.125
"1450",0.111111111111111
"1451",0.181818181818182
"1452",9
"1453",0.181818181818182
"1454",0.2
"1455",1
"1456",2.5
"1457",0.4
"1458",0.8
"1459",1.4
"1460",0.2
"1461",1.66666666666667
"1462",1.28571428571429
"1463",1
"1464",4
"1465",1
"1466",0.6
"1467",1.28571428571429
"1468",1
"1469",2
"1470",0.857142857142857
"1471",1
"1472",0.714285714285714
"1473",1
"1474",0.666666666666667
"1475",0.2
"1476",0.5
"1477",0.666666666666667
"1478",0.8
"1479",1
"1480",1
"1481",0.2
"1482",1
"1483",0.5
"1484",0.333333333333333
"1485",0.5
"1486",0.333333333333333
"1487",0.5
"1488",0.25
"1489",0.333333333333333
"1490",0.5
"1491",0.333333333333333
"1492",1.6
"1493",0.428571428571429
"1494",0.2
"1495",2
"1496",0.5
"1497",0.6
"1498",0.2
"1499",0.428571428571429
"1500",2
"1501",0.5
"1502",0.777777777777778
"1503",0.142857142857143
"1504",1
"1505",0.666666666666667
"1506",0.375
"1507",1
"1508",3
"1509",1
"1510",0.5
"1511",1
"1512",1
"1513",2
"1514",2
"1515",0.5
"1516",3
"1517",5
"1518",0.0833333333333333
"1519",1
"1520",1.5
"1521",0.75
"1522",1
"1523",1
"1524",1.5
"1525",1.28571428571429
"1526",5
"1527",0.888888888888889
"1528",1
"1529",1
"1530",1.5
"1531",0.875
"1532",1
"1533",0.5
"1534",0.875
"1535",0.8
"1536",0.5
"1537",0.666666666666667
"1538",0.666666666666667
"1539",4
"1540",1
"1541",0.8
"1542",0.375
"1543",1
"1544",1
"1545",0.5
"1546",1.22222222222222
"1547",1.16666666666667
"1548",0.4
"1549",0.142857142857143
"1550",1
"1551",0.666666666666667
"1552",0.142857142857143
"1553",0.25
"1554",0.5
"1555",1.5
"1556",0.444444444444444
"1557",0.25
"1558",4
"1559",0.25
"1560",1
"1561",0.5
"1562",0.8
"1563",0.4
"1564",2.4
"1565",0.333333333333333
"1566",0.333333333333333
"1567",2
"1568",0.5
"1569",1
"1570",1.25
"1571",0.5
"1572",0.454545454545455
"1573",0.5
"1574",0.333333333333333
"1575",3
"1576",0.4
"1577",0.333333333333333
"1578",1
"1579",0.4
"1580",1.42857142857143
"1581",2
"1582",0.166666666666667
"1583",0.166666666666667
"1584",0.5
"1585",1
"1586",0.75
"1587",1.25
"1588",0.818181818181818
"1589",3
"1590",0.333333333333333
"1591",1
"1592",1
"1593",1
"1594",0.6
"1595",1
"1596",1
"1597",2
"1598",0.666666666666667
"1599",0.5
"1600",0.666666666666667
"1601",0.4
"1602",0.5
"1603",3
"1604",5.5
"1605",0.2
"1606",0.5
"1607",0.5
"1608",0.333333333333333
"1609",0.25
"1610",1.5
"1611",2
"1612",5.5
"1613",0.666666666666667
"1614",0.333333333333333
"1615",0.555555555555556
"1616",1
"1617",0.666666666666667
"1618",0.166666666666667
"1619",0.666666666666667
"1620",0.142857142857143
"1621",0.714285714285714
"1622",1
"1623",0.25
"1624",0.6
"1625",2
"1626",0.666666666666667
"1627",1
"1628",0.6
"1629",0.333333333333333
"1630",0.777777777777778
"1631",2
"1632",1.66666666666667
"1633",0.285714285714286
"1634",0.25
"1635",0.75
"1636",0.142857142857143
"1637",0.375
"1638",0.5
"1639",0.111111111111111
"1640",1
"1641",0.333333333333333
"1642",0.333333333333333
"1643",0.8
"1644",0.5
"1645",0.8
"1646",0.5
"1647",1
"1648",0.5
"1649",1
"1650",0.428571428571429
"1651",2
"1652",0.8
"1653",0.25
"1654",1
"1655",1
"1656",1.66666666666667
"1657",1.25
"1658",0.5
"1659",0.666666666666667
"1660",0.866666666666667
"1661",0.571428571428571
"1662",1.33333333333333
"1663",0.2
"1664",0.333333333333333
"1665",1
"1666",0.25
"1667",2
"1668",0.333333333333333
"1669",1.5
"1670",0.333333333333333
"1671",0.5
"1672",3.5
"1673",0.2
"1674",1
"1675",1
"1676",0.75
"1677",2
"1678",2
"1679",1
"1680",0.5
"1681",0.5
"1682",4
"1683",1
"1684",0.2
"1685",1.14285714285714
"1686",0.333333333333333
"1687",0.5
"1688",1
"1689",0.166666666666667
"1690",0.333333333333333
"1691",0.5
"1692",0.666666666666667
"1693",1.2
"1694",2
"1695",0.0833333333333333
"1696",1
"1697",1
"1698",0.8
"1699",1.5
"1700",0.625
"1701",3
"1702",0.333333333333333
"1703",0.142857142857143
"1704",0.666666666666667
"1705",0.5
"1706",0.666666666666667
"1707",1
"1708",0.5
"1709",0.818181818181818
"1710",1
"1711",0.4
"1712",0.5
"1713",0.333333333333333
"1714",0.333333333333333
"1715",0.866666666666667
"1716",1.5
"1717",3
"1718",1
"1719",5
"1720",2
"1721",1
"1722",3
"1723",0.181818181818182
"1724",0.2
"1725",2
"1726",0.333333333333333
"1727",1
"1728",0.8
"1729",1
"1730",0.888888888888889
"1731",0.25
"1732",1.5
"1733",0.166666666666667
"1734",1.15384615384615
"1735",0.166666666666667
"1736",6
"1737",1
"1738",0.818181818181818
"1739",0.333333333333333
"1740",0.0833333333333333
"1741",0.714285714285714
"1742",1.66666666666667
"1743",1
"1744",0.25
"1745",0.375
"1746",0.333333333333333
"1747",0.25
"1748",0.777777777777778
"1749",0.666666666666667
"1750",3
"1751",1
"1752",0.333333333333333
"1753",1
"1754",0.4
"1755",0.0833333333333333
"1756",0.416666666666667
"1757",0.8
"1758",0.75
"1759",0.666666666666667
"1760",3
"1761",0.333333333333333
"1762",0.2
"1763",2.4
"1764",2
"1765",0.5
"1766",1.15384615384615
"1767",0.5
"1768",1.5
"1769",0.75
"1770",0.5
"1771",1.33333333333333
"1772",3
"1773",1.66666666666667
"1774",0.866666666666667
"1775",1.25
"1776",0.5
"1777",0.25
"1778",0.5
"1779",2
"1780",0.5
"1781",0.4
"1782",0.666666666666667
"1783",0.4
"1784",3
"1785",0.6
"1786",1.22222222222222
"1787",0.333333333333333
"1788",0.5
"1789",0.333333333333333
"1790",0.111111111111111
"1791",0.4
"1792",0.416666666666667
"1793",0.875
"1794",1
"1795",1
"1796",0.666666666666667
"1797",1.75
"1798",0.75
"1799",0.666666666666667
"1800",1
"1801",0.8
"1802",0.866666666666667
"1803",0.5
"1804",0.142857142857143
"1805",0.5
"1806",0.142857142857143
"1807",1.75
"1808",0.333333333333333
"1809",0.8
"1810",0.5
"1811",1
"1812",0.8
"1813",0.444444444444444
"1814",1.5
"1815",1
"1816",1
"1817",6
"1818",0.5
"1819",0.8
"1820",0.25
"1821",1
"1822",1.14285714285714
"1823",4
"1824",0.333333333333333
"1825",0.428571428571429
"1826",0.5
"1827",1.33333333333333
"1828",1.14285714285714
"1829",5
"1830",3
"1831",1.5
"1832",0.2
"1833",1.5
"1834",0.333333333333333
"1835",3
"1836",0.333333333333333
"1837",1.5
"1838",0.7
"1839",3
"1840",1
"1841",1.2
"1842",1.25
"1843",0.333333333333333
"1844",0.5
"1845",0.666666666666667
"1846",0.666666666666667
"1847",1.22222222222222
"1848",0.666666666666667
"1849",0.714285714285714
"1850",1
"1851",0.5
"1852",0.5
"1853",0.777777777777778
"1854",3
"1855",1
"1856",0.181818181818182
"1857",1.25
"1858",0.333333333333333
"1859",1.25
"1860",0.5
"1861",0.2
"1862",0.4
"1863",0.888888888888889
"1864",0.5
"1865",2
"1866",2.2
"1867",0.416666666666667
"1868",0.333333333333333
"1869",0.2
"1870",0.5
"1871",0.6
"1872",1.33333333333333
"1873",1
"1874",2
"1875",0.666666666666667
"1876",2
"1877",0.333333333333333
"1878",4
"1879",0.666666666666667
"1880",0.25
"1881",2
"1882",2
"1883",0.714285714285714
"1884",0.5
"1885",0.333333333333333
"1886",1.33333333333333
"1887",0.25
"1888",0.5
"1889",2
"1890",0.333333333333333
"1891",4
"1892",1
"1893",1
"1894",2
"1895",0.5
"1896",0.5
"1897",3
"1898",2
"1899",1.14285714285714
"1900",0.25
"1901",0.4
"1902",0.5
"1903",0.666666666666667
"1904",0.333333333333333
"1905",1
"1906",0.6
"1907",1
"1908",0.2
"1909",1
"1910",1.25
"1911",0.5
"1912",0.5
"1913",0.444444444444444
"1914",0.8
"1915",2
"1916",1
"1917",1.5
"1918",2
"1919",0.5
"1920",1
"1921",1.5
"1922",0.333333333333333
"1923",2
"1924",3
"1925",2
"1926",1
"1927",0.2
"1928",0.5
"1929",2
"1930",1.5
"1931",0.4
"1932",1
"1933",0.5
"1934",2
"1935",0.333333333333333
"1936",2
"1937",0.0833333333333333
"1938",0.666666666666667
"1939",1
"1940",0.25
"1941",1
"1942",3
"1943",0.5
"1944",0.0833333333333333
"1945",0.7
"1946",0.8
"1947",0.666666666666667
"1948",0.111111111111111
"1949",2.25
"1950",0.333333333333333
"1951",2.5
"1952",3
"1953",1
"1954",0.5
"1955",0.5
"1956",0.6
"1957",0.454545454545455
"1958",1
"1959",1
"1960",0.6
"1961",4
"1962",0.166666666666667
"1963",1
"1964",1
"1965",1
"1966",0.5
"1967",0.5
"1968",1
"1969",0.2
"1970",0.285714285714286
"1971",0.5
"1972",1
"1973",2
"1974",1
"1975",0.444444444444444
"1976",2
"1977",1.5
"1978",0.571428571428571
"1979",0.333333333333333
"1980",2
"1981",0.444444444444444
"1982",0.625
"1983",0.833333333333333
"1984",0.5
"1985",1
"1986",0.75
"1987",1
"1988",0.4
"1989",0.333333333333333
"1990",0.75
"1991",0.5
"1992",2
"1993",2
"1994",0.8
"1995",1.25
"1996",0.2
"1997",0.428571428571429
"1998",0.5
"1999",0.6
"2000",0.6
"2001",2
"2002",0.0833333333333333
"2003",1.66666666666667
"2004",0.5
"2005",1.33333333333333
"2006",1
"2007",0.666666666666667
"2008",0.4
"2009",1.125
"2010",0.714285714285714
"2011",1
"2012",2
"2013",1.42857142857143
"2014",0.111111111111111
"2015",0.5
"2016",0.2
"2017",0.375
"2018",0.5
"2019",0.5
"2020",3
"2021",1
"2022",0.777777777777778
"2023",1.5
"2024",1
"2025",0.5
"2026",1
"2027",1
"2028",0.25
"2029",1.4
"2030",3
"2031",1
"2032",0.5
"2033",0.666666666666667
"2034",0.333333333333333
"2035",1
"2036",0.5
"2037",0.666666666666667
"2038",0.75
"2039",1
"2040",1
"2041",1
"2042",3
"2043",0.5
"2044",0.5
"2045",1.5
"2046",1
"2047",2.5
"2048",1
"2049",1
"2050",0.5
"2051",0.666666666666667
"2052",0.8
"2053",1
"2054",0.25
"2055",0.666666666666667
"2056",0.25
"2057",1.66666666666667
"2058",0.5
"2059",0.333333333333333
"2060",0.5
"2061",1
"2062",2
"2063",2
"2064",1.33333333333333
"2065",0.666666666666667
"2066",3
"2067",1
"2068",1
"2069",1.25
"2070",0.111111111111111
"2071",0.6
"2072",0.6
"2073",0.5
"2074",0.857142857142857
"2075",1
"2076",1.125
"2077",0.5
"2078",1
"2079",0.888888888888889
"2080",0.666666666666667
"2081",0.333333333333333
"2082",0.666666666666667
"2083",0.444444444444444
"2084",0.75
"2085",0.428571428571429
"2086",1
"2087",1
"2088",0.666666666666667
"2089",1.15384615384615
"2090",0.5
"2091",0.5
"2092",0.666666666666667
"2093",0.5
"2094",0.333333333333333
"2095",1
"2096",0.5
"2097",1.25
"2098",2
"2099",1.28571428571429
"2100",1
"2101",2
"2102",0.5
"2103",1.15384615384615
"2104",0.5
"2105",1.66666666666667
"2106",1
"2107",1.4
"2108",0.666666666666667
"2109",0.111111111111111
"2110",0.25
"2111",0.2
"2112",1
"2113",1
"2114",0.5
"2115",0.428571428571429
"2116",1.25
"2117",1.2
"2118",2
"2119",1
"2120",0.777777777777778
"2121",0.428571428571429
"2122",0.8
"2123",1.25
"2124",2
"2125",0.333333333333333
"2126",0.5
"2127",2
"2128",2.5
"2129",0.777777777777778
"2130",0.777777777777778
"2131",0.416666666666667
"2132",1
"2133",0.8
"2134",1.33333333333333
"2135",0.666666666666667
"2136",0.333333333333333
"2137",0.333333333333333
"2138",3
"2139",0.666666666666667
"2140",1
"2141",0.777777777777778
"2142",1
"2143",0.866666666666667
"2144",0.5
"2145",1
"2146",2
"2147",1.28571428571429
"2148",0.7
"2149",0.333333333333333
"2150",0.333333333333333
"2151",0.5
"2152",0.181818181818182
"2153",0.454545454545455
"2154",0.8
"2155",0.8
"2156",1
"2157",0.5
"2158",1
"2159",0.555555555555556
"2160",1
"2161",1
"2162",1.25
"2163",0.166666666666667
"2164",1
"2165",1.42857142857143
"2166",1
"2167",0.5
"2168",1
"2169",0.333333333333333
"2170",2.5
"2171",0.5
"2172",2
"2173",1
"2174",1
"2175",1.5
"2176",1.14285714285714
"2177",0.714285714285714
"2178",0.5
"2179",0.333333333333333
"2180",1.5
"2181",1
"2182",0.5
"2183",0.333333333333333
"2184",0.5
"2185",1.15384615384615
"2186",0.5
"2187",0.5
"2188",0.8
"2189",0.454545454545455
"2190",2
"2191",1.16666666666667
"2192",0.666666666666667
"2193",1
"2194",0.25
"2195",0.75
"2196",0.6
"2197",0.5
"2198",0.333333333333333
"2199",1
"2200",7
"2201",2
"2202",0.25
"2203",1
"2204",2
"2205",2
"2206",0.4
"2207",1
"2208",2
"2209",0.666666666666667
"2210",0.375
"2211",6
"2212",0.818181818181818
"2213",0.5
"2214",0.714285714285714
"2215",1.66666666666667
"2216",0.6
"2217",1
"2218",0.5
"2219",0.5
"2220",0.5
"2221",0.333333333333333
"2222",0.666666666666667
"2223",1.33333333333333
"2224",0.5
"2225",3
"2226",0.818181818181818
"2227",0.666666666666667
"2228",1.5
"2229",0.6
"2230",1
"2231",0.25
"2232",0.5
"2233",1
"2234",2
"2235",0.5
"2236",0.571428571428571
"2237",1
"2238",2
"2239",1.25
"2240",0.25
"2241",0.25
"2242",1
"2243",2.2
"2244",0.333333333333333
"2245",1.25
"2246",2
"2247",6
"2248",0.5
"2249",0.4
"2250",0.6
"2251",1
"2252",0.666666666666667
"2253",0.5
"2254",0.5
"2255",1
"2256",1
"2257",1.5
"2258",0.5
"2259",1
"2260",0.181818181818182
"2261",0.333333333333333
"2262",0.833333333333333
"2263",1.5
"2264",0.866666666666667
"2265",3
"2266",0.6
"2267",2
"2268",0.4
"2269",1
"2270",0.2
"2271",0.666666666666667
"2272",1.25
"2273",1.5
"2274",2
"2275",0.2
"2276",0.4
"2277",0.666666666666667
"2278",2
"2279",0.25
"2280",0.375
"2281",1
"2282",0.333333333333333
"2283",0.714285714285714
"2284",0.111111111111111
"2285",0.5
"2286",0.428571428571429
"2287",1
"2288",1
"2289",0.333333333333333
"2290",0.25
"2291",2
"2292",1.5
"2293",0.2
"2294",0.333333333333333
"2295",1.66666666666667
"2296",1.4
"2297",0.5
"2298",0.8
"2299",0.5
"2300",1.33333333333333
"2301",0.5
"2302",1.33333333333333
"2303",0.7
"2304",0.625
"2305",1
"2306",0.142857142857143
"2307",0.25
"2308",0.5
"2309",0.6
"2310",2.33333333333333
"2311",1
"2312",0.5
"2313",2
"2314",2.2
"2315",2
"2316",1
"2317",2
"2318",2
"2319",6
"2320",0.5
"2321",1
"2322",0.25
"2323",2
"2324",0.111111111111111
"2325",1.5
"2326",0.111111111111111
"2327",1.5
"2328",1
"2329",0.2
"2330",0.5
"2331",0.333333333333333
"2332",1.25
"2333",1
"2334",0.666666666666667
"2335",0.8
"2336",1
"2337",0.833333333333333
"2338",1
"2339",0.2
"2340",0.666666666666667
"2341",1.6
"2342",2
"2343",3
"2344",0.5
"2345",1
"2346",0.666666666666667
"2347",0.6
"2348",3
"2349",0.2
"2350",0.5
"2351",1.25
"2352",3
"2353",0.444444444444444
"2354",4
"2355",1.5
"2356",0.833333333333333
"2357",2
"2358",1
"2359",1.25
"2360",1.4
"2361",1.66666666666667
"2362",1.33333333333333
"2363",0.428571428571429
"2364",2
"2365",1
"2366",0.75
"2367",2
"2368",0.25
"2369",0.5
"2370",1
"2371",0.5
"2372",1.5
"2373",0.5
"2374",0.666666666666667
"2375",1.2
"2376",0.25
"2377",0.5
"2378",1.25
"2379",0.2
"2380",0.25
"2381",1
"2382",0.5
"2383",0.25
"2384",0.666666666666667
"2385",0.5
"2386",1.22222222222222
"2387",0.333333333333333
"2388",1
"2389",0.5
"2390",3
"2391",0.454545454545455
"2392",0.666666666666667
"2393",0.5
"2394",0.2
"2395",1.5
"2396",0.6
"2397",4
"2398",0.666666666666667
"2399",0.444444444444444
"2400",0.5
"2401",0.666666666666667
"2402",1.5
"2403",0.166666666666667
"2404",0.5
"2405",0.25
"2406",0.5
"2407",0.142857142857143
"2408",2
"2409",1
"2410",0.5
"2411",0.818181818181818
"2412",0.2
"2413",1
"2414",0.4
"2415",3
"2416",0.5
"2417",0.4
"2418",0.75
"2419",0.75
"2420",0.142857142857143
"2421",4
"2422",1.5
"2423",1.25
"2424",0.5
"2425",0.5
"2426",1.5
"2427",0.25
"2428",1.5
"2429",0.375
"2430",0.416666666666667
"2431",0.333333333333333
"2432",1.33333333333333
"2433",1
"2434",0.5
"2435",0.166666666666667
"2436",2
"2437",1
"2438",1
"2439",1
"2440",2.5
"2441",1.25
"2442",0.5
"2443",1.5
"2444",0.333333333333333
"2445",1
"2446",2
"2447",0.416666666666667
"2448",1
"2449",1.25
"2450",1
"2451",4
"2452",0.5
"2453",0.8
"2454",1.66666666666667
"2455",4
"2456",0.333333333333333
"2457",0.5
"2458",0.0833333333333333
"2459",0.444444444444444
"2460",1.25
"2461",1
"2462",3
"2463",0.5
"2464",0.5
"2465",1.6
"2466",0.5
"2467",0.5
"2468",1
"2469",0.25
"2470",1
"2471",1
"2472",0.5
"2473",1
"2474",0.2
"2475",0.75
"2476",0.666666666666667
"2477",1.22222222222222
"2478",1.5
"2479",0.333333333333333
"2480",0.25
"2481",1.33333333333333
"2482",1
"2483",1
"2484",0.5
"2485",0.333333333333333
