"","id","K"
"0","0",0.25
"1","1",0.25
"2","2",0
"3","3",0.819047619047619
"4","4",0.777777777777778
"5","5",0.5
"6","6",2
"7","7",1
"8","8",1.5
"9","9",1.25
"10","10",0.166666666666667
"11","11",0.733333333333333
"12","12",2.5
"13","13",0.666666666666667
"14","14",0
"15","15",1
"16","16",2
"17","17",2.5
"18","18",1.25
"19","19",0.666666666666667
"20","20",0.866666666666667
"21","21",2
"22","22",1.66666666666667
"23","23",1.11111111111111
"24","24",0.5
"25","25",0.416666666666667
"26","26",1.25
"27","27",0.333333333333333
"28","28",0.633333333333333
"29","29",0.5
"30","30",0.272727272727273
"31","31",0.333333333333333
"32","32",0
"33","33",0
"34","34",2.5
"35","35",1
"36","36",4.25
"37","37",2.5
"38","38",1.5
"39","39",0.666666666666667
"40","40",0.913461538461538
"41","41",0.476190476190476
"42","42",1
"43","43",0.333333333333333
"44","44",1.00882352941176
"45","45",1.15384615384615
"46","46",0.2
"47","47",0.5
"48","48",2.66666666666667
"49","49",0.2
"50","50",1.5
"51","51",1.05263157894737
"52","52",0.258823529411765
"53","53",1.5
"54","54",1
"55","55",0.166666666666667
"56","56",0.166666666666667
"57","57",0.6
"58","58",0.8
"59","59",0.6
"60","60",2
"61","61",2.25
"62","62",1
"63","63",2.51111111111111
"64","64",0.452631578947368
"65","65",1
"66","66",1
"67","67",1.2
"68","68",0
"69","69",0.333333333333333
"70","70",0.666666666666667
"71","71",0.666666666666667
"72","72",1.14285714285714
"73","73",0
"74","74",0
"75","75",1
"76","76",0.166666666666667
"77","77",0.94047619047619
"78","78",1
"79","79",0.5
"80","80",1.4
"81","81",1
"82","82",0.333333333333333
"83","83",0.583333333333333
"84","84",0.633333333333333
"85","85",0
"86","86",1.6
"87","87",0
"88","88",0.653846153846154
"89","89",0.333333333333333
"90","90",1.25
"91","91",1.48571428571429
"92","92",1.33333333333333
"93","93",2.2
"94","94",0.653846153846154
"95","95",1.30263157894737
"96","96",0.375
"97","97",0.75
"98","98",3.16666666666667
"99","99",0
"100","100",0.333333333333333
"101","101",1.28571428571429
"102","102",0.444444444444444
"103","103",3
"104","104",0.75
"105","105",2.5
"106","106",0
"107","107",0.2
"108","108",0.7
"109","109",2.33333333333333
"110","110",0
"111","111",0
"112","112",0.611111111111111
"113","113",0.819047619047619
"114","114",1.25
"115","115",0
"116","116",0.666666666666667
"117","117",0.166666666666667
"118","118",1.25
"119","119",0.666666666666667
"120","120",0.125
"121","121",1.5
"122","122",2
"123","123",1.66666666666667
"124","124",1
"125","125",0.5
"126","126",0.722222222222222
"127","127",0.333333333333333
"128","128",2.93939393939394
"129","129",1.96111111111111
"130","130",0.333333333333333
"131","131",0.166666666666667
"132","132",1
"133","133",0.333333333333333
"134","134",1
"135","135",0.6
"136","136",0.5
"137","137",0.452631578947368
"138","138",0.5
"139","139",0.5
"140","140",0.25
"141","141",1
"142","142",0.333333333333333
"143","143",0.5
"144","144",0.5
"145","145",1.2
"146","146",0.701298701298701
"147","147",1.5
"148","148",1
"149","149",0
"150","150",3.16666666666667
"151","151",0.2
"152","152",0.8
"153","153",0.913461538461538
"154","154",1.5
"155","155",1
"156","156",1
"157","157",2.33333333333333
"158","158",1
"159","159",1
"160","160",0.733333333333333
"161","161",0.833333333333333
"162","162",1.5
"163","163",1
"164","164",2
"165","165",0.2
"166","166",0
"167","167",3
"168","168",0.714285714285714
"169","169",0.666666666666667
"170","170",0
"171","171",1
"172","172",1.66666666666667
"173","173",2.30882352941176
"174","174",4.25
"175","175",0.2
"176","176",1.2
"177","177",0.7
"178","178",2
"179","179",1
"180","180",0.452631578947368
"181","181",0.4
"182","182",0.142857142857143
"183","183",1.73333333333333
"184","184",3.2
"185","185",0.8
"186","186",0.75
"187","187",1.33333333333333
"188","188",0.5
"189","189",2
"190","190",0.0714285714285714
"191","191",0.416666666666667
"192","192",3.28571428571429
"193","193",0.606060606060606
"194","194",1
"195","195",0.7
"196","196",0.5
"197","197",0.7
"198","198",1.6
"199","199",1.8
"200","200",3.11111111111111
"201","201",1.5
"202","202",0.714285714285714
"203","203",0.555555555555556
"204","204",1
"205","205",1.09090909090909
"206","206",0.166666666666667
"207","207",0.142857142857143
"208","208",0.484444444444444
"209","209",1
"210","210",5
"211","211",0.666666666666667
"212","212",0.833333333333333
"213","213",0.5
"214","214",1.5
"215","215",1
"216","216",0
"217","217",1.5
"218","218",0
"219","219",1.58333333333333
"220","220",1.16666666666667
"221","221",0.777777777777778
"222","222",0.476190476190476
"223","223",4.11111111111111
"224","224",0.611111111111111
"225","225",1.25
"226","226",0.166666666666667
"227","227",0.5
"228","228",0.333333333333333
"229","229",1
"230","230",0.454545454545455
"231","231",0.5
"232","232",0.5
"233","233",0
"234","234",0.583333333333333
"235","235",0
"236","236",0.25
"237","237",0.5
"238","238",1.75
"239","239",0.666666666666667
"240","240",0.583333333333333
"241","241",0.906666666666667
"242","242",1.25
"243","243",0.6
"244","244",0.5
"245","245",0.6
"246","246",1.4
"247","247",1.6
"248","248",1
"249","249",1
"250","250",1.25
"251","251",0.666666666666667
"252","252",0.5
"253","253",1
"254","254",2.33333333333333
"255","255",1
"256","256",0.866666666666667
"257","257",0.666666666666667
"258","258",1.5
"259","259",1.28571428571429
"260","260",2.5
"261","261",1.53333333333333
"262","262",0.558823529411765
"263","263",0
"264","264",2.14285714285714
"265","265",0.666666666666667
"266","266",0
"267","267",2
"268","268",1.5
"269","269",3
"270","270",1
"271","271",0.333333333333333
"272","272",2
"273","273",2
"274","274",2
"275","275",1
"276","276",1.58333333333333
"277","277",1
"278","278",1
"279","279",1.25
"280","280",0.321428571428571
"281","281",1.28571428571429
"282","282",0.583333333333333
"283","283",1
"284","284",1.73333333333333
"285","285",0.4
"286","286",0.7
"287","287",0.666666666666667
"288","288",3.28571428571429
"289","289",0.625
"290","290",0.416666666666667
"291","291",0.321428571428571
"292","292",1.5
"293","293",1.05263157894737
"294","294",0.5
"295","295",1
"296","296",0
"297","297",0.555555555555556
"298","298",0.166666666666667
"299","299",3
"300","300",0
"301","301",1
"302","302",1.125
"303","303",2
"304","304",1.25
"305","305",1.5
"306","306",2.33333333333333
"307","307",1.2
"308","308",3
"309","309",2.66666666666667
"310","310",1.66666666666667
"311","311",2.25
"312","312",0.566666666666667
"313","313",0.625
"314","314",2
"315","315",1
"316","316",1
"317","317",0.6
"318","318",1
"319","319",0
"320","320",0.5
"321","321",1.5
"322","322",1
"323","323",3
"324","324",1.83333333333333
"325","325",0.5
"326","326",0.653846153846154
"327","327",0.5
"328","328",0.628571428571429
"329","329",0.75
"330","330",1.125
"331","331",0.785714285714286
"332","332",1.45
"333","333",1.16666666666667
"334","334",0
"335","335",0.6
"336","336",0.133333333333333
"337","337",0.701298701298701
"338","338",2
"339","339",0.467032967032967
"340","340",1.66666666666667
"341","341",2.25
"342","342",1.42857142857143
"343","343",0.25
"344","344",0.333333333333333
"345","345",1.25
"346","346",0.533333333333333
"347","347",1
"348","348",0.8
"349","349",0.666666666666667
"350","350",1
"351","351",0.467032967032967
"352","352",0.5
"353","353",0.333333333333333
"354","354",3.25
"355","355",0.888888888888889
"356","356",0.75
"357","357",0.666666666666667
"358","358",2.16666666666667
"359","359",0.333333333333333
"360","360",2.4
"361","361",1
"362","362",0.7
"363","363",0.416666666666667
"364","364",1
"365","365",1.30555555555556
"366","366",0.5
"367","367",0.833333333333333
"368","368",2.22222222222222
"369","369",1
"370","370",1.33333333333333
"371","371",1
"372","372",1.125
"373","373",1.8
"374","374",2.5
"375","375",1
"376","376",0.916666666666667
"377","377",0.777777777777778
"378","378",2
"379","379",0.333333333333333
"380","380",3
"381","381",1.13333333333333
"382","382",0.2
"383","383",0.25
"384","384",2
"385","385",1
"386","386",1
"387","387",0.653846153846154
"388","388",2
"389","389",0.5
"390","390",0.333333333333333
"391","391",0.133333333333333
"392","392",1
"393","393",0.75
"394","394",0.333333333333333
"395","395",1.66666666666667
"396","396",0.8
"397","397",0.666666666666667
"398","398",1
"399","399",0.2
"400","400",0.75
"401","401",1
"402","402",0.333333333333333
"403","403",0.666666666666667
"404","404",1.33333333333333
"405","405",0.4
"406","406",0
"407","407",1
"408","408",3
"409","409",0.666666666666667
"410","410",0.458333333333333
"411","411",0.633333333333333
"412","412",1
"413","413",0.333333333333333
"414","414",0.166666666666667
"415","415",1.2
"416","416",0.888888888888889
"417","417",1.7
"418","418",0.2
"419","419",0.25
"420","420",1.16666666666667
"421","421",1.66666666666667
"422","422",1.525
"423","423",3.11111111111111
"424","424",0.666666666666667
"425","425",1.5
"426","426",0.625
"427","427",3
"428","428",2
"429","429",0.666666666666667
"430","430",0
"431","431",1.5
"432","432",4.4
"433","433",0
"434","434",0
"435","435",0.866666666666667
"436","436",0
"437","437",0.25
"438","438",1.83333333333333
"439","439",1.66666666666667
"440","440",0
"441","441",0.555555555555556
"442","442",0.666666666666667
"443","443",2
"444","444",0.308823529411765
"445","445",1.5
"446","446",1
"447","447",0.5
"448","448",0.822222222222222
"449","449",2.33333333333333
"450","450",0.8
"451","451",0.2
"452","452",1.78571428571429
"453","453",3.25
"454","454",1.8
"455","455",1
"456","456",1.5
"457","457",0.253968253968254
"458","458",0.590909090909091
"459","459",4
"460","460",0.333333333333333
"461","461",1.07142857142857
"462","462",0
"463","463",1.25
"464","464",1.66666666666667
"465","465",0.25
"466","466",0.25
"467","467",0
"468","468",0.5
"469","469",0.25
"470","470",1.33333333333333
"471","471",0.25
"472","472",0.333333333333333
"473","473",0.458333333333333
"474","474",0.5
"475","475",0.321428571428571
"476","476",0.5
"477","477",1.15384615384615
"478","478",1
"479","479",1
"480","480",0.6
"481","481",0.5
"482","482",5
"483","483",1.6
"484","484",2
"485","485",0.5
"486","486",2
"487","487",0.714285714285714
"488","488",1
"489","489",1.48333333333333
"490","490",1.5
"491","491",0
"492","492",0
"493","493",1.5
"494","494",1.5
"495","495",0
"496","496",1.45
"497","497",0.6
"498","498",0.6
"499","499",3
"500","500",2.5
"501","501",1.5
"502","502",0.25
"503","503",0.906666666666667
"504","504",0.5
"505","505",0.94047619047619
"506","506",1.16666666666667
"507","507",0
"508","508",2
"509","509",0.666666666666667
"510","510",0.906666666666667
"511","511",0.25
"512","512",1
"513","513",1.28571428571429
"514","514",0.666666666666667
"515","515",0.5
"516","516",2
"517","517",1
"518","518",0.6
"519","519",0.8
"520","520",0
"521","521",1.28571428571429
"522","522",0.666666666666667
"523","523",1
"524","524",1
"525","525",0
"526","526",0.5
"527","527",0.133333333333333
"528","528",0
"529","529",0
"530","530",1.33333333333333
"531","531",0.777777777777778
"532","532",1.33333333333333
"533","533",0.714285714285714
"534","534",0
"535","535",1.4
"536","536",0.25
"537","537",1
"538","538",1
"539","539",0.5
"540","540",2.16666666666667
"541","541",0.75
"542","542",2.25
"543","543",0.666666666666667
"544","544",1
"545","545",0
"546","546",1.66666666666667
"547","547",0.458333333333333
"548","548",0.6
"549","549",1
"550","550",0.5
"551","551",1
"552","552",1
"553","553",2.16666666666667
"554","554",0.906666666666667
"555","555",2
"556","556",1.5
"557","557",1.5
"558","558",0.375
"559","559",1
"560","560",0.5
"561","561",0.883333333333333
"562","562",0
"563","563",1.25
"564","564",0
"565","565",1
"566","566",1
"567","567",0.166666666666667
"568","568",0.25
"569","569",0.2
"570","570",2
"571","571",0.111111111111111
"572","572",0.333333333333333
"573","573",2.66666666666667
"574","574",0.866666666666667
"575","575",0.628571428571429
"576","576",0.75
"577","577",2
"578","578",0.454545454545455
"579","579",0.8
"580","580",0.682539682539683
"581","581",0.5
"582","582",4.53333333333333
"583","583",0.906666666666667
"584","584",0.333333333333333
"585","585",2
"586","586",1.33333333333333
"587","587",0
"588","588",2
"589","589",0.555555555555556
"590","590",1.15384615384615
"591","591",0.333333333333333
"592","592",0
"593","593",2
"594","594",1
"595","595",0.5
"596","596",1
"597","597",1
"598","598",1
"599","599",0.333333333333333
"600","600",0.454545454545455
"601","601",0.8
"602","602",1.33333333333333
"603","603",0.5
"604","604",3
"605","605",0
"606","606",2
"607","607",5.04
"608","608",0.452631578947368
"609","609",0.2
"610","610",2.16666666666667
"611","611",0.166666666666667
"612","612",1
"613","613",0.7
"614","614",0.2
"615","615",0.558823529411765
"616","616",0.666666666666667
"617","617",0.25
"618","618",0.5
"619","619",3
"620","620",0.666666666666667
"621","621",0.94047619047619
"622","622",0
"623","623",1.05882352941176
"624","624",0.333333333333333
"625","625",0.5
"626","626",1
"627","627",1.25
"628","628",2
"629","629",1
"630","630",0.8
"631","631",0.911111111111111
"632","632",0.25
"633","633",0
"634","634",1.4
"635","635",0
"636","636",0.333333333333333
"637","637",0.25
"638","638",0.9
"639","639",1.58333333333333
"640","640",1
"641","641",1
"642","642",0.333333333333333
"643","643",0.0833333333333333
"644","644",0.5
"645","645",0.0909090909090909
"646","646",0.5
"647","647",1
"648","648",0.333333333333333
"649","649",0.666666666666667
"650","650",0.142857142857143
"651","651",1.05263157894737
"652","652",1
"653","653",1
"654","654",1.07142857142857
"655","655",0
"656","656",0.25
"657","657",0.833333333333333
"658","658",4.4
"659","659",1
"660","660",1.28571428571429
"661","661",0.333333333333333
"662","662",1.7
"663","663",1.66666666666667
"664","664",1.91666666666667
"665","665",1
"666","666",1
"667","667",0.555555555555556
"668","668",1.33333333333333
"669","669",1.4
"670","670",1.16666666666667
"671","671",0.321428571428571
"672","672",0.5
"673","673",2
"674","674",1
"675","675",0.484444444444444
"676","676",1
"677","677",2
"678","678",0.5
"679","679",0.5
"680","680",0
"681","681",1.33333333333333
"682","682",0.458333333333333
"683","683",1.00882352941176
"684","684",0.2
"685","685",2
"686","686",1
"687","687",2
"688","688",2
"689","689",0.8
"690","690",0.558823529411765
"691","691",0.25
"692","692",1
"693","693",0.333333333333333
"694","694",0.25
"695","695",2
"696","696",0.666666666666667
"697","697",1.25
"698","698",3
"699","699",0.333333333333333
"700","700",0.7
"701","701",2.5
"702","702",0.333333333333333
"703","703",0
"704","704",1.4
"705","705",1.22222222222222
"706","706",0.2
"707","707",0.5
"708","708",0.6
"709","709",2.61904761904762
"710","710",5
"711","711",0.5
"712","712",1.5
"713","713",1
"714","714",0.8
"715","715",0.666666666666667
"716","716",0.25
"717","717",2.25
"718","718",1
"719","719",5
"720","720",0.25
"721","721",0.8
"722","722",0
"723","723",0.5
"724","724",1
"725","725",0.6
"726","726",1.66666666666667
"727","727",0.5
"728","728",1
"729","729",0.916666666666667
"730","730",0.666666666666667
"731","731",0.75
"732","732",0.75
"733","733",0.125
"734","734",1.25
"735","735",2.33333333333333
"736","736",0.375
"737","737",2
"738","738",1.33333333333333
"739","739",0.856643356643357
"740","740",1
"741","741",2
"742","742",0.6
"743","743",0.6
"744","744",0.0714285714285714
"745","745",1.16666666666667
"746","746",0.75
"747","747",3.25
"748","748",1.75
"749","749",2.33333333333333
"750","750",0.458333333333333
"751","751",4.07142857142857
"752","752",1
"753","753",2.51111111111111
"754","754",1.28571428571429
"755","755",0.6
"756","756",1.25
"757","757",0.666666666666667
"758","758",0.333333333333333
"759","759",1
"760","760",0.5
"761","761",1
"762","762",0.333333333333333
"763","763",0.666666666666667
"764","764",0.833333333333333
"765","765",0.5
"766","766",0.75
"767","767",2.66666666666667
"768","768",3
"769","769",0
"770","770",0.166666666666667
"771","771",0.5
"772","772",1.75
"773","773",1.525
"774","774",1.25
"775","775",0.333333333333333
"776","776",1
"777","777",0.785714285714286
"778","778",1.58333333333333
"779","779",0.6
"780","780",0.75
"781","781",1.5
"782","782",5.33333333333333
"783","783",1
"784","784",0.7
"785","785",0
"786","786",0.8
"787","787",0.25
"788","788",0.666666666666667
"789","789",0.2
"790","790",0.714285714285714
"791","791",0.5
"792","792",0
"793","793",0.166666666666667
"794","794",1.73333333333333
"795","795",0
"796","796",2
"797","797",0.888888888888889
"798","798",0
"799","799",0.6
"800","800",1.6
"801","801",0.2
"802","802",0.722222222222222
"803","803",0
"804","804",0.883333333333333
"805","805",1.33333333333333
"806","806",0.333333333333333
"807","807",4.78571428571429
"808","808",2.93939393939394
"809","809",0.8
"810","810",0.5
"811","811",1.15384615384615
"812","812",0.666666666666667
"813","813",1.5
"814","814",0.142857142857143
"815","815",1.25
"816","816",1
"817","817",0.5
"818","818",0.75
"819","819",0.133333333333333
"820","820",0.5
"821","821",0.467032967032967
"822","822",0
"823","823",0
"824","824",0.476190476190476
"825","825",1.22222222222222
"826","826",1.75
"827","827",1
"828","828",0.333333333333333
"829","829",0.467032967032967
"830","830",0
"831","831",1.22222222222222
"832","832",0.452631578947368
"833","833",2
"834","834",1.06666666666667
"835","835",1.2
"836","836",1.16666666666667
"837","837",0.444444444444444
"838","838",0
"839","839",0.485714285714286
"840","840",0.722222222222222
"841","841",0.333333333333333
"842","842",0.484444444444444
"843","843",1.15384615384615
"844","844",0
"845","845",1
"846","846",1.48333333333333
"847","847",0.75
"848","848",0.25
"849","849",0.666666666666667
"850","850",1.33333333333333
"851","851",1.25
"852","852",0
"853","853",0.5
"854","854",1
"855","855",0.913461538461538
"856","856",0.6
"857","857",0.333333333333333
"858","858",2
"859","859",0.8
"860","860",0.5
"861","861",2
"862","862",0.25
"863","863",0.906666666666667
"864","864",0.833333333333333
"865","865",0.911111111111111
"866","866",0.25
"867","867",2.2
"868","868",1.15384615384615
"869","869",2.22222222222222
"870","870",0.888888888888889
"871","871",0
"872","872",1.5
"873","873",0.8
"874","874",0.333333333333333
"875","875",0.166666666666667
"876","876",0.166666666666667
"877","877",1
"878","878",1.8
"879","879",1
"880","880",0.75
"881","881",1.28571428571429
"882","882",0.4
"883","883",0.5
"884","884",0.166666666666667
"885","885",1.45
"886","886",0.833333333333333
"887","887",0.682539682539683
"888","888",0.913461538461538
"889","889",0.5
"890","890",0.666666666666667
"891","891",0.6
"892","892",1.91666666666667
"893","893",2.5
"894","894",0.857142857142857
"895","895",0.476190476190476
"896","896",1.25
"897","897",1
"898","898",0.428571428571429
"899","899",2
"900","900",0.285714285714286
"901","901",0.5
"902","902",1.30263157894737
"903","903",5
"904","904",0.75
"905","905",0
"906","906",0.666666666666667
"907","907",1.96111111111111
"908","908",1.65714285714286
"909","909",2
"910","910",0.714285714285714
"911","911",0
"912","912",2.16666666666667
"913","913",2.8
"914","914",0.883333333333333
"915","915",0.333333333333333
"916","916",1.25
"917","917",0.822222222222222
"918","918",0.5
"919","919",0
"920","920",0.166666666666667
"921","921",1.66666666666667
"922","922",0.666666666666667
"923","923",0.25
"924","924",0.94047619047619
"925","925",1
"926","926",1.14285714285714
"927","927",4.125
"928","928",0.866666666666667
"929","929",2
"930","930",0.75
"931","931",0.472222222222222
"932","932",1.25
"933","933",2.5
"934","934",0
"935","935",0.333333333333333
"936","936",0.8
"937","937",0.7
"938","938",1.14285714285714
"939","939",0.75
"940","940",0.5
"941","941",0.606060606060606
"942","942",0.25
"943","943",0.833333333333333
"944","944",2
"945","945",2.5
"946","946",1.66666666666667
"947","947",0.476190476190476
"948","948",4
"949","949",0.714285714285714
"950","950",2.45833333333333
"951","951",1.42857142857143
"952","952",0.8
"953","953",2.5
"954","954",0.5
"955","955",0.666666666666667
"956","956",1
"957","957",2
"958","958",1.25
"959","959",0.8
"960","960",0.777777777777778
"961","961",1.05263157894737
"962","962",0.25
"963","963",0.25
"964","964",1.30555555555556
"965","965",1
"966","966",0.8
"967","967",0.2
"968","968",1.5
"969","969",0.833333333333333
"970","970",1.13333333333333
"971","971",0.333333333333333
"972","972",1
"973","973",0.333333333333333
"974","974",2
"975","975",1.16666666666667
"976","976",1.30263157894737
"977","977",2.33333333333333
"978","978",0.714285714285714
"979","979",0.666666666666667
"980","980",1.5
"981","981",2.05555555555556
"982","982",0.911111111111111
"983","983",0.25
"984","984",0.5
"985","985",2.51111111111111
"986","986",1.5
"987","987",0.25
"988","988",1.33333333333333
"989","989",0.5
"990","990",0.906666666666667
"991","991",0
"992","992",1
"993","993",0.75
"994","994",0
"995","995",0.5
"996","996",1
"997","997",0.8
"998","998",0
"999","999",0
"1000","1000",0.833333333333333
"1001","1001",1.42857142857143
"1002","1002",1.14285714285714
"1003","1003",0.533333333333333
"1004","1004",0.25
"1005","1005",0.666666666666667
"1006","1006",1.6
"1007","1007",3.16666666666667
"1008","1008",0.342857142857143
"1009","1009",0.653846153846154
"1010","1010",1.25
"1011","1011",0.5
"1012","1012",0.833333333333333
"1013","1013",1.75
"1014","1014",2
"1015","1015",0
"1016","1016",1.65714285714286
"1017","1017",0.833333333333333
"1018","1018",0.856643356643357
"1019","1019",0.5
"1020","1020",1
"1021","1021",1.48333333333333
"1022","1022",0.333333333333333
"1023","1023",2.33333333333333
"1024","1024",1.5
"1025","1025",2.5
"1026","1026",1.16666666666667
"1027","1027",0.2
"1028","1028",0.856643356643357
"1029","1029",1.16666666666667
"1030","1030",2
"1031","1031",3
"1032","1032",2
"1033","1033",5
"1034","1034",0
"1035","1035",0.166666666666667
"1036","1036",0.2
"1037","1037",1.16666666666667
"1038","1038",1
"1039","1039",0.653846153846154
"1040","1040",1
"1041","1041",0.5
"1042","1042",0.819047619047619
"1043","1043",3
"1044","1044",0.5
"1045","1045",0.6
"1046","1046",0.666666666666667
"1047","1047",0.428571428571429
"1048","1048",0.0909090909090909
"1049","1049",1.15384615384615
"1050","1050",0.666666666666667
"1051","1051",1.14285714285714
"1052","1052",1.65714285714286
"1053","1053",1
"1054","1054",0.333333333333333
"1055","1055",1.22222222222222
"1056","1056",0.5
"1057","1057",0
"1058","1058",1.53333333333333
"1059","1059",1.5
"1060","1060",1.27272727272727
"1061","1061",0.6
"1062","1062",0.714285714285714
"1063","1063",0.535714285714286
"1064","1064",2.16666666666667
"1065","1065",0
"1066","1066",1
"1067","1067",1.13333333333333
"1068","1068",1
"1069","1069",1.42857142857143
"1070","1070",1
"1071","1071",2.14285714285714
"1072","1072",0.866666666666667
"1073","1073",1
"1074","1074",0.566666666666667
"1075","1075",0.666666666666667
"1076","1076",2
"1077","1077",1
"1078","1078",0
"1079","1079",1
"1080","1080",0.333333333333333
"1081","1081",1.2
"1082","1082",0.8
"1083","1083",0.4
"1084","1084",0.785714285714286
"1085","1085",2
"1086","1086",1.5
"1087","1087",1
"1088","1088",1.33333333333333
"1089","1089",0
"1090","1090",1.27272727272727
"1091","1091",1.5
"1092","1092",0
"1093","1093",2.46666666666667
"1094","1094",0
"1095","1095",0.8
"1096","1096",0.733333333333333
"1097","1097",0
"1098","1098",0.5
"1099","1099",0
"1100","1100",1.5
"1101","1101",3.48571428571429
"1102","1102",1.525
"1103","1103",0.5
"1104","1104",0.25
"1105","1105",0.5
"1106","1106",0.666666666666667
"1107","1107",0.916666666666667
"1108","1108",0.75
"1109","1109",0.566666666666667
"1110","1110",1.7
"1111","1111",0.2
"1112","1112",1.25
"1113","1113",1.5
"1114","1114",1
"1115","1115",1.25
"1116","1116",0.166666666666667
"1117","1117",0.666666666666667
"1118","1118",2
"1119","1119",0.666666666666667
"1120","1120",1.25
"1121","1121",4
"1122","1122",1.30555555555556
"1123","1123",0.555555555555556
"1124","1124",0.833333333333333
"1125","1125",1.2
"1126","1126",0
"1127","1127",0.75
"1128","1128",6
"1129","1129",0.833333333333333
"1130","1130",0
"1131","1131",1
"1132","1132",2
"1133","1133",1.2
"1134","1134",0.25
"1135","1135",0.833333333333333
"1136","1136",0
"1137","1137",1.1
"1138","1138",1.25
"1139","1139",0
"1140","1140",0.5
"1141","1141",1.65714285714286
"1142","1142",2.77272727272727
"1143","1143",0.25
"1144","1144",1.06666666666667
"1145","1145",1
"1146","1146",0
"1147","1147",0.555555555555556
"1148","1148",1
"1149","1149",0.333333333333333
"1150","1150",1.5
"1151","1151",2
"1152","1152",2
"1153","1153",0.906666666666667
"1154","1154",0
"1155","1155",0
"1156","1156",7
"1157","1157",0.701298701298701
"1158","1158",0.472222222222222
"1159","1159",0.333333333333333
"1160","1160",0.75
"1161","1161",0
"1162","1162",0.833333333333333
"1163","1163",0
"1164","1164",1.48717948717949
"1165","1165",0.25
"1166","1166",1.16666666666667
"1167","1167",2.66666666666667
"1168","1168",2.5
"1169","1169",0.856643356643357
"1170","1170",1.5
"1171","1171",1.27272727272727
"1172","1172",0.535714285714286
"1173","1173",0.333333333333333
"1174","1174",0
"1175","1175",0.625
"1176","1176",0.913461538461538
"1177","1177",0.653846153846154
"1178","1178",0.633333333333333
"1179","1179",0.5
"1180","1180",2.28571428571429
"1181","1181",1
"1182","1182",0.485714285714286
"1183","1183",0.5
"1184","1184",2
"1185","1185",0.75
"1186","1186",1
"1187","1187",0.333333333333333
"1188","1188",0.785714285714286
"1189","1189",0
"1190","1190",0
"1191","1191",1
"1192","1192",0.454545454545455
"1193","1193",0.5
"1194","1194",2.33333333333333
"1195","1195",1.27272727272727
"1196","1196",0.6
"1197","1197",1.48333333333333
"1198","1198",0
"1199","1199",0.444444444444444
"1200","1200",1
"1201","1201",1.5
"1202","1202",1
"1203","1203",0.458333333333333
"1204","1204",2
"1205","1205",0.666666666666667
"1206","1206",0.8
"1207","1207",1.125
"1208","1208",2.33333333333333
"1209","1209",1.66666666666667
"1210","1210",0.5
"1211","1211",0.166666666666667
"1212","1212",1
"1213","1213",0.666666666666667
"1214","1214",0.666666666666667
"1215","1215",0
"1216","1216",0.75
"1217","1217",0.714285714285714
"1218","1218",0.125
"1219","1219",0.444444444444444
"1220","1220",0
"1221","1221",0.375
"1222","1222",0.8
"1223","1223",4.5
"1224","1224",0.166666666666667
"1225","1225",0.75
"1226","1226",0.5
"1227","1227",1.63333333333333
"1228","1228",0.2
"1229","1229",0.166666666666667
"1230","1230",1.66666666666667
"1231","1231",1.28571428571429
"1232","1232",0.125
"1233","1233",0.458333333333333
"1234","1234",1
"1235","1235",1
"1236","1236",1.00882352941176
"1237","1237",1.66666666666667
"1238","1238",0.25
"1239","1239",0
"1240","1240",1.5
"1241","1241",0
"1242","1242",1
"1243","1243",0.666666666666667
"1244","1244",0.392857142857143
"1245","1245",0.666666666666667
"1246","1246",0.428571428571429
"1247","1247",2
"1248","1248",0.75
"1249","1249",1.25
"1250","1250",0.833333333333333
"1251","1251",0.75
"1252","1252",0.333333333333333
"1253","1253",0.111111111111111
"1254","1254",0.444444444444444
"1255","1255",0
"1256","1256",1.125
"1257","1257",0.833333333333333
"1258","1258",1
"1259","1259",0.888888888888889
"1260","1260",0.75
"1261","1261",1.33333333333333
"1262","1262",2
"1263","1263",1
"1264","1264",2
"1265","1265",0.0833333333333333
"1266","1266",0.484444444444444
"1267","1267",0.682539682539683
"1268","1268",0.321428571428571
"1269","1269",0.833333333333333
"1270","1270",2
"1271","1271",0.25
"1272","1272",1.25
"1273","1273",0
"1274","1274",1.41666666666667
"1275","1275",0.25
"1276","1276",0.333333333333333
"1277","1277",1
"1278","1278",0.714285714285714
"1279","1279",0.75
"1280","1280",0.166666666666667
"1281","1281",0.5
"1282","1282",2.25
"1283","1283",4.6
"1284","1284",2
"1285","1285",0
"1286","1286",0.253968253968254
"1287","1287",1
"1288","1288",0.166666666666667
"1289","1289",0.4
"1290","1290",1.5
"1291","1291",1.65714285714286
"1292","1292",0.535714285714286
"1293","1293",1
"1294","1294",0.25
"1295","1295",2.5
"1296","1296",0.6
"1297","1297",0.485714285714286
"1298","1298",4.16666666666667
"1299","1299",0.4
"1300","1300",0.333333333333333
"1301","1301",1
"1302","1302",0.625
"1303","1303",2.77272727272727
"1304","1304",0.333333333333333
"1305","1305",1
"1306","1306",3
"1307","1307",0.906666666666667
"1308","1308",0.628571428571429
"1309","1309",1
"1310","1310",1.28571428571429
"1311","1311",3
"1312","1312",0.333333333333333
"1313","1313",2
"1314","1314",2.14285714285714
"1315","1315",3.11111111111111
"1316","1316",0.0909090909090909
"1317","1317",0.5
"1318","1318",1.5
"1319","1319",0
"1320","1320",1
"1321","1321",1
"1322","1322",1
"1323","1323",1
"1324","1324",1
"1325","1325",0.777777777777778
"1326","1326",0
"1327","1327",1
"1328","1328",1.06666666666667
"1329","1329",0.485714285714286
"1330","1330",0.125
"1331","1331",0
"1332","1332",0.321428571428571
"1333","1333",0.333333333333333
"1334","1334",2
"1335","1335",0.666666666666667
"1336","1336",0.5
"1337","1337",1.13333333333333
"1338","1338",0.653846153846154
"1339","1339",0.833333333333333
"1340","1340",1.8
"1341","1341",0.5
"1342","1342",1.5
"1343","1343",1
"1344","1344",0
"1345","1345",0.454545454545455
"1346","1346",0.833333333333333
"1347","1347",0.6
"1348","1348",2.5
"1349","1349",1
"1350","1350",1
"1351","1351",0
"1352","1352",0.94047619047619
"1353","1353",0.883333333333333
"1354","1354",0.428571428571429
"1355","1355",0.8
"1356","1356",0.2
"1357","1357",1.25
"1358","1358",0.856643356643357
"1359","1359",1.25
"1360","1360",0
"1361","1361",0.682539682539683
"1362","1362",2.16666666666667
"1363","1363",0.454545454545455
"1364","1364",0.75
"1365","1365",1
"1366","1366",0.333333333333333
"1367","1367",0.666666666666667
"1368","1368",0
"1369","1369",1.33333333333333
"1370","1370",0.8
"1371","1371",0.333333333333333
"1372","1372",0.583333333333333
"1373","1373",0.611111111111111
"1374","1374",1
"1375","1375",2
"1376","1376",0.333333333333333
"1377","1377",0.2
"1378","1378",0.5
"1379","1379",0.25
"1380","1380",0.25
"1381","1381",0.142857142857143
"1382","1382",1
"1383","1383",0
"1384","1384",0.5
"1385","1385",0.25
"1386","1386",1
"1387","1387",1
"1388","1388",2.625
"1389","1389",0.6
"1390","1390",0.111111111111111
"1391","1391",1.15384615384615
"1392","1392",3.07142857142857
"1393","1393",2.33333333333333
"1394","1394",0.714285714285714
"1395","1395",0.416666666666667
"1396","1396",1.14285714285714
"1397","1397",0.25
"1398","1398",0.785714285714286
"1399","1399",4
"1400","1400",2.2
"1401","1401",0.5
"1402","1402",0.6
"1403","1403",0.25
"1404","1404",1
"1405","1405",0.2
"1406","1406",0.416666666666667
"1407","1407",0.5
"1408","1408",1.53333333333333
"1409","1409",0.333333333333333
"1410","1410",0
"1411","1411",2.5
"1412","1412",0.5
"1413","1413",0.333333333333333
"1414","1414",0
"1415","1415",1.66666666666667
"1416","1416",0.2
"1417","1417",1
"1418","1418",1
"1419","1419",1.4
"1420","1420",1.33333333333333
"1421","1421",1.41666666666667
"1422","1422",0.253968253968254
"1423","1423",1.33333333333333
"1424","1424",0.75
"1425","1425",1.41666666666667
"1426","1426",0
"1427","1427",0.7
"1428","1428",2.61904761904762
"1429","1429",1
"1430","1430",1.33333333333333
"1431","1431",0.75
"1432","1432",0.6
"1433","1433",0.5
"1434","1434",2.22222222222222
"1435","1435",2
"1436","1436",1.45
"1437","1437",0.566666666666667
"1438","1438",0.133333333333333
"1439","1439",0.333333333333333
"1440","1440",0.25
"1441","1441",0.333333333333333
"1442","1442",1.03333333333333
"1443","1443",0.666666666666667
"1444","1444",1.5
"1445","1445",1
"1446","1446",0.375
"1447","1447",0
"1448","1448",0.342857142857143
"1449","1449",0.2
"1450","1450",0.8
"1451","1451",0.25
"1452","1452",7
"1453","1453",0.333333333333333
"1454","1454",1.125
"1455","1455",0.6
"1456","1456",1.125
"1457","1457",0
"1458","1458",0.133333333333333
"1459","1459",9
"1460","1460",0.133333333333333
"1461","1461",0.2
"1462","1462",1
"1463","1463",1.66666666666667
"1464","1464",0.452631578947368
"1465","1465",0.8
"1466","1466",1.525
"1467","1467",0.166666666666667
"1468","1468",2.46666666666667
"1469","1469",1.28571428571429
"1470","1470",1
"1471","1471",8
"1472","1472",1.25
"1473","1473",0.6
"1474","1474",1.28571428571429
"1475","1475",0
"1476","1476",2
"1477","1477",0.94047619047619
"1478","1478",1
"1479","1479",0.714285714285714
"1480","1480",1
"1481","1481",0.666666666666667
"1482","1482",0.485714285714286
"1483","1483",0.5
"1484","1484",0.666666666666667
"1485","1485",0.8
"1486","1486",1.5
"1487","1487",1
"1488","1488",0.2
"1489","1489",1
"1490","1490",0.633333333333333
"1491","1491",0.333333333333333
"1492","1492",0
"1493","1493",0
"1494","1494",0.5
"1495","1495",0.25
"1496","1496",0.333333333333333
"1497","1497",0.5
"1498","1498",0.476190476190476
"1499","1499",1.6
"1500","1500",0.428571428571429
"1501","1501",0
"1502","1502",2.13333333333333
"1503","1503",0.25
"1504","1504",0.6
"1505","1505",0.628571428571429
"1506","1506",0.428571428571429
"1507","1507",2
"1508","1508",0.5
"1509","1509",0.911111111111111
"1510","1510",0.476190476190476
"1511","1511",1
"1512","1512",0
"1513","1513",0.308823529411765
"1514","1514",0
"1515","1515",2.16666666666667
"1516","1516",3.11111111111111
"1517","1517",1
"1518","1518",0.866666666666667
"1519","1519",1
"1520","1520",1
"1521","1521",3
"1522","1522",2
"1523","1523",0.5
"1524","1524",3
"1525","1525",5.25
"1526","1526",0
"1527","1527",1
"1528","1528",0.6
"1529","1529",0.75
"1530","1530",1
"1531","1531",1
"1532","1532",1.5
"1533","1533",1.28571428571429
"1534","1534",5
"1535","1535",0.888888888888889
"1536","1536",1
"1537","1537",1
"1538","1538",1.5
"1539","1539",0.913461538461538
"1540","1540",1
"1541","1541",0.75
"1542","1542",0.913461538461538
"1543","1543",0.8
"1544","1544",0.25
"1545","1545",2.16666666666667
"1546","1546",0.666666666666667
"1547","1547",4.14285714285714
"1548","1548",2.33333333333333
"1549","1549",0.8
"1550","1550",0.375
"1551","1551",1
"1552","1552",1.42857142857143
"1553","1553",0.5
"1554","1554",1.22222222222222
"1555","1555",1.16666666666667
"1556","1556",0.4
"1557","1557",0.253968253968254
"1558","1558",1
"1559","1559",0.666666666666667
"1560","1560",0.142857142857143
"1561","1561",0.25
"1562","1562",0.5
"1563","1563",1.5
"1564","1564",0.484444444444444
"1565","1565",0.25
"1566","1566",4
"1567","1567",0.472222222222222
"1568","1568",1
"1569","1569",0.7
"1570","1570",0.8
"1571","1571",0.4
"1572","1572",2.51111111111111
"1573","1573",0.333333333333333
"1574","1574",0.333333333333333
"1575","1575",2.5
"1576","1576",0.785714285714286
"1577","1577",1
"1578","1578",1.25
"1579","1579",0.5
"1580","1580",0.454545454545455
"1581","1581",0.5
"1582","1582",0.333333333333333
"1583","1583",0
"1584","1584",0.566666666666667
"1585","1585",0.583333333333333
"1586","1586",1
"1587","1587",0.4
"1588","1588",1.42857142857143
"1589","1589",2
"1590","1590",0
"1591","1591",0.166666666666667
"1592","1592",0.653846153846154
"1593","1593",0.5
"1594","1594",1.30555555555556
"1595","1595",1.25
"1596","1596",0.856643356643357
"1597","1597",0
"1598","1598",0.333333333333333
"1599","1599",1
"1600","1600",1.25
"1601","1601",1
"1602","1602",0.6
"1603","1603",1.05882352941176
"1604","1604",1
"1605","1605",2.4
"1606","1606",0.333333333333333
"1607","1607",0.611111111111111
"1608","1608",0.666666666666667
"1609","1609",0.333333333333333
"1610","1610",0.5
"1611","1611",3
"1612","1612",0.285714285714286
"1613","1613",0.342857142857143
"1614","1614",0.833333333333333
"1615","1615",0.5
"1616","1616",0.583333333333333
"1617","1617",0.25
"1618","1618",1.5
"1619","1619",0
"1620","1620",0.285714285714286
"1621","1621",0.666666666666667
"1622","1622",0.333333333333333
"1623","1623",0.555555555555556
"1624","1624",1.14285714285714
"1625","1625",0.666666666666667
"1626","1626",0.166666666666667
"1627","1627",0.666666666666667
"1628","1628",0.476190476190476
"1629","1629",0.714285714285714
"1630","1630",1
"1631","1631",0.535714285714286
"1632","1632",0.6
"1633","1633",2.2
"1634","1634",0.666666666666667
"1635","1635",1
"1636","1636",0.822222222222222
"1637","1637",0.2
"1638","1638",0.911111111111111
"1639","1639",2
"1640","1640",1.66666666666667
"1641","1641",0.166666666666667
"1642","1642",0.25
"1643","1643",0.6
"1644","1644",0.253968253968254
"1645","1645",0.375
"1646","1646",0.5
"1647","1647",0.111111111111111
"1648","1648",0.590909090909091
"1649","1649",0.333333333333333
"1650","1650",0.583333333333333
"1651","1651",0.8
"1652","1652",0.5
"1653","1653",0.8
"1654","1654",0.5
"1655","1655",1
"1656","1656",1.16666666666667
"1657","1657",1
"1658","1658",0.467032967032967
"1659","1659",2
"1660","1660",0.8
"1661","1661",0
"1662","1662",0
"1663","1663",0
"1664","1664",1
"1665","1665",1.66666666666667
"1666","1666",1.25
"1667","1667",0
"1668","1668",0.666666666666667
"1669","1669",0.906666666666667
"1670","1670",0.682539682539683
"1671","1671",1.53333333333333
"1672","1672",0.2
"1673","1673",0.333333333333333
"1674","1674",1
"1675","1675",0
"1676","1676",2
"1677","1677",0.333333333333333
"1678","1678",1.5
"1679","1679",0.333333333333333
"1680","1680",0.25
"1681","1681",1.16666666666667
"1682","1682",0.2
"1683","1683",1
"1684","1684",1
"1685","1685",0.75
"1686","1686",2
"1687","1687",2.33333333333333
"1688","1688",1
"1689","1689",0.5
"1690","1690",0.166666666666667
"1691","1691",4
"1692","1692",1
"1693","1693",0.2
"1694","1694",1.14285714285714
"1695","1695",0.2
"1696","1696",0
"1697","1697",1
"1698","1698",0.0909090909090909
"1699","1699",0.733333333333333
"1700","1700",0.5
"1701","1701",0.666666666666667
"1702","1702",1.45
"1703","1703",2
"1704","1704",0
"1705","1705",1
"1706","1706",0
"1707","1707",0.8
"1708","1708",1.5
"1709","1709",0.625
"1710","1710",3
"1711","1711",0
"1712","1712",0.476190476190476
"1713","1713",2.61904761904762
"1714","1714",0.5
"1715","1715",0.666666666666667
"1716","1716",2.16666666666667
"1717","1717",0.833333333333333
"1718","1718",0.856643356643357
"1719","1719",0
"1720","1720",0.452631578947368
"1721","1721",0.166666666666667
"1722","1722",0.333333333333333
"1723","1723",0.533333333333333
"1724","1724",0.906666666666667
"1725","1725",1.5
"1726","1726",3
"1727","1727",1.73333333333333
"1728","1728",5
"1729","1729",2.25
"1730","1730",1.42857142857143
"1731","1731",3.08333333333333
"1732","1732",0.133333333333333
"1733","1733",0.125
"1734","1734",0.333333333333333
"1735","1735",0.333333333333333
"1736","1736",1
"1737","1737",0.8
"1738","1738",1
"1739","1739",0.888888888888889
"1740","1740",0.25
"1741","1741",4.5
"1742","1742",0.166666666666667
"1743","1743",1.15384615384615
"1744","1744",0.0909090909090909
"1745","1745",1
"1746","1746",1
"1747","1747",0.856643356643357
"1748","1748",0.392857142857143
"1749","1749",0
"1750","1750",0.714285714285714
"1751","1751",1
"1752","1752",1
"1753","1753",0.25
"1754","1754",0.375
"1755","1755",0.333333333333333
"1756","1756",0.472222222222222
"1757","1757",0.911111111111111
"1758","1758",0.666666666666667
"1759","1759",3
"1760","1760",1.4
"1761","1761",0.666666666666667
"1762","1762",1
"1763","1763",0.4
"1764","1764",0
"1765","1765",0.416666666666667
"1766","1766",0.8
"1767","1767",0.75
"1768","1768",0.833333333333333
"1769","1769",3
"1770","1770",0.444444444444444
"1771","1771",0
"1772","1772",2.51111111111111
"1773","1773",2
"1774","1774",0
"1775","1775",1.15384615384615
"1776","1776",0.5
"1777","1777",1.5
"1778","1778",0.75
"1779","1779",0.5
"1780","1780",1.33333333333333
"1781","1781",3.73333333333333
"1782","1782",1
"1783","1783",0.906666666666667
"1784","1784",1.25
"1785","1785",0.5
"1786","1786",0.558823529411765
"1787","1787",0.5
"1788","1788",2.28571428571429
"1789","1789",0.5
"1790","1790",0.452631578947368
"1791","1791",0.666666666666667
"1792","1792",0.4
"1793","1793",4
"1794","1794",0.5
"1795","1795",1.22222222222222
"1796","1796",0.333333333333333
"1797","1797",0.75
"1798","1798",0.333333333333333
"1799","1799",0.111111111111111
"1800","1800",0.4
"1801","1801",0.416666666666667
"1802","1802",0.913461538461538
"1803","1803",1
"1804","1804",1.14285714285714
"1805","1805",0.666666666666667
"1806","1806",1.75
"1807","1807",0.75
"1808","1808",0.666666666666667
"1809","1809",1
"1810","1810",0.8
"1811","1811",0.906666666666667
"1812","1812",0.590909090909091
"1813","1813",0.253968253968254
"1814","1814",0.5
"1815","1815",0.253968253968254
"1816","1816",1.75
"1817","1817",0.458333333333333
"1818","1818",0.8
"1819","1819",0
"1820","1820",0
"1821","1821",0.8
"1822","1822",0.484444444444444
"1823","1823",1.5
"1824","1824",2
"1825","1825",1
"1826","1826",6
"1827","1827",1.1
"1828","1828",0.8
"1829","1829",0.375
"1830","1830",1.25
"1831","1831",1.14285714285714
"1832","1832",4.33333333333333
"1833","1833",0.333333333333333
"1834","1834",0.701298701298701
"1835","1835",0
"1836","1836",1
"1837","1837",1.14285714285714
"1838","1838",2.5
"1839","1839",0.857142857142857
"1840","1840",1.5
"1841","1841",0.2
"1842","1842",1.5
"1843","1843",0.333333333333333
"1844","1844",3.08333333333333
"1845","1845",0.333333333333333
"1846","1846",1.5
"1847","1847",0.7
"1848","1848",3
"1849","1849",1
"1850","1850",0
"1851","1851",1.25
"1852","1852",0.733333333333333
"1853","1853",0.2
"1854","1854",0.833333333333333
"1855","1855",0.666666666666667
"1856","1856",1.22222222222222
"1857","1857",0.308823529411765
"1858","1858",0.714285714285714
"1859","1859",0.5
"1860","1860",0
"1861","1861",0.5
"1862","1862",0.777777777777778
"1863","1863",0
"1864","1864",1
"1865","1865",0.133333333333333
"1866","1866",1.375
"1867","1867",0.333333333333333
"1868","1868",1.25
"1869","1869",0.833333333333333
"1870","1870",0.2
"1871","1871",0.4
"1872","1872",0.888888888888889
"1873","1873",0.5
"1874","1874",2
"1875","1875",2.2
"1876","1876",0.416666666666667
"1877","1877",0
"1878","1878",0.2
"1879","1879",0.5
"1880","1880",0.822222222222222
"1881","1881",1.5
"1882","1882",1.08333333333333
"1883","1883",2
"1884","1884",0.666666666666667
"1885","1885",2
"1886","1886",0.166666666666667
"1887","1887",4
"1888","1888",0.666666666666667
"1889","1889",0.25
"1890","1890",2
"1891","1891",2
"1892","1892",0.714285714285714
"1893","1893",0.5
"1894","1894",0.333333333333333
"1895","1895",1
"1896","1896",0.375
"1897","1897",0.611111111111111
"1898","1898",2.39285714285714
"1899","1899",0
"1900","1900",4
"1901","1901",1.14285714285714
"1902","1902",1
"1903","1903",2
"1904","1904",0.666666666666667
"1905","1905",0.833333333333333
"1906","1906",3
"1907","1907",2
"1908","1908",1.14285714285714
"1909","1909",0.25
"1910","1910",0.4
"1911","1911",0.5
"1912","1912",0.666666666666667
"1913","1913",0.333333333333333
"1914","1914",1
"1915","1915",0.6
"1916","1916",1
"1917","1917",0.342857142857143
"1918","1918",1.5
"1919","1919",1.45
"1920","1920",0.5
"1921","1921",0.5
"1922","1922",0
"1923","1923",0.8
"1924","1924",2
"1925","1925",1
"1926","1926",1.5
"1927","1927",2
"1928","1928",0
"1929","1929",1.33333333333333
"1930","1930",1.5
"1931","1931",0.333333333333333
"1932","1932",0
"1933","1933",3
"1934","1934",2.8
"1935","1935",1
"1936","1936",0.2
"1937","1937",0.722222222222222
"1938","1938",3
"1939","1939",1.5
"1940","1940",0.4
"1941","1941",1
"1942","1942",0.5
"1943","1943",0
"1944","1944",0.333333333333333
"1945","1945",2.2
"1946","1946",0
"1947","1947",0.666666666666667
"1948","1948",1
"1949","1949",0.25
"1950","1950",1.5
"1951","1951",3.33333333333333
"1952","1952",0.5
"1953","1953",0
"1954","1954",0.7
"1955","1955",0.8
"1956","1956",0.666666666666667
"1957","1957",0.111111111111111
"1958","1958",0
"1959","1959",0.333333333333333
"1960","1960",3.83333333333333
"1961","1961",0
"1962","1962",1
"1963","1963",0.611111111111111
"1964","1964",0.5
"1965","1965",0.6
"1966","1966",0.454545454545455
"1967","1967",1.08333333333333
"1968","1968",1
"1969","1969",0.6
"1970","1970",0
"1971","1971",0
"1972","1972",1
"1973","1973",1.25
"1974","1974",1
"1975","1975",0.5
"1976","1976",0.833333333333333
"1977","1977",1
"1978","1978",0.2
"1979","1979",0.166666666666667
"1980","1980",0
"1981","1981",2.33333333333333
"1982","1982",2.2
"1983","1983",1
"1984","1984",0
"1985","1985",2
"1986","1986",1.5
"1987","1987",0.682539682539683
"1988","1988",0.166666666666667
"1989","1989",0
"1990","1990",0
"1991","1991",0.625
"1992","1992",0
"1993","1993",0.5
"1994","1994",1.59090909090909
"1995","1995",0.75
"1996","1996",0
"1997","1997",0.452631578947368
"1998","1998",0.392857142857143
"1999","1999",1
"2000","2000",0.5
"2001","2001",0
"2002","2002",2.25
"2003","2003",0.8
"2004","2004",1.45
"2005","2005",0.166666666666667
"2006","2006",0.467032967032967
"2007","2007",0.5
"2008","2008",0.822222222222222
"2009","2009",0.6
"2010","2010",4
"2011","2011",0
"2012","2012",1.66666666666667
"2013","2013",0.633333333333333
"2014","2014",0
"2015","2015",1.66666666666667
"2017","2017",0.666666666666667
"2018","2018",0.4
"2019","2019",1.125
"2020","2020",0.714285714285714
"2021","2021",0.25
"2022","2022",2.5
"2023","2023",1.42857142857143
"2024","2024",0
"2025","2025",1.5
"2026","2026",0
"2027","2027",0
"2028","2028",0.75
"2029","2029",0.5
"2030","2030",3.14285714285714
"2031","2031",2.5
"2032","2032",0.911111111111111
"2033","2033",1.5
"2034","2034",0
"2035","2035",0.7
"2036","2036",1
"2037","2037",1
"2038","2038",0.75
"2039","2039",1.4
"2040","2040",3
"2041","2041",1.05263157894737
"2042","2042",0.7
"2043","2043",0.833333333333333
"2044","2044",0.333333333333333
"2045","2045",0
"2046","2046",0.5
"2047","2047",0.916666666666667
"2048","2048",0.75
"2049","2049",1
"2050","2050",1
"2051","2051",1
"2052","2052",0
"2053","2053",0.5
"2054","2054",0.722222222222222
"2055","2055",1.5
"2056","2056",3.28571428571429
"2057","2057",3.83333333333333
"2058","2058",1
"2059","2059",1.16666666666667
"2060","2060",0.5
"2061","2061",0.666666666666667
"2062","2062",0.8
"2063","2063",2
"2064","2064",0.25
"2065","2065",0.666666666666667
"2066","2066",0.25
"2067","2067",1.91666666666667
"2068","2068",0.866666666666667
"2069","2069",0
"2070","2070",0.5
"2071","2071",1
"2072","2072",2
"2073","2073",2.2
"2074","2074",1.58333333333333
"2075","2075",0.666666666666667
"2076","2076",5.5
"2077","2077",2
"2078","2078",1.16666666666667
"2079","2079",1.25
"2080","2080",0.111111111111111
"2081","2081",0.6
"2082","2082",0.6
"2083","2083",1
"2084","2084",0.94047619047619
"2085","2085",1
"2086","2086",1.125
"2087","2087",1.03333333333333
"2088","2088",1
"2089","2089",0.888888888888889
"2090","2090",0.666666666666667
"2091","2091",0.333333333333333
"2092","2092",0.833333333333333
"2093","2093",0.484444444444444
"2094","2094",1.00882352941176
"2095","2095",0.428571428571429
"2096","2096",2
"2097","2097",1
"2098","2098",0.666666666666667
"2099","2099",1.15384615384615
"2100","2100",0.5
"2101","2101",0.5
"2102","2102",0.666666666666667
"2103","2103",0.5
"2104","2104",0.5
"2105","2105",1
"2106","2106",0.5
"2107","2107",1.96111111111111
"2108","2108",2
"2109","2109",1.28571428571429
"2110","2110",1
"2111","2111",2
"2112","2112",0.111111111111111
"2113","2113",1.15384615384615
"2114","2114",0.25
"2115","2115",1.66666666666667
"2116","2116",1
"2117","2117",1.4
"2118","2118",0.666666666666667
"2119","2119",0.111111111111111
"2120","2120",0.25
"2121","2121",0.342857142857143
"2122","2122",1
"2123","2123",1.2
"2124","2124",0.5
"2125","2125",0.701298701298701
"2126","2126",1.45
"2127","2127",0
"2128","2128",3.5
"2129","2129",1
"2130","2130",0.777777777777778
"2131","2131",0.701298701298701
"2132","2132",0.8
"2133","2133",1.25
"2134","2134",2
"2135","2135",0.333333333333333
"2136","2136",0
"2137","2137",0
"2138","2138",2.5
"2139","2139",0.777777777777778
"2140","2140",0.911111111111111
"2141","2141",0.416666666666667
"2142","2142",1
"2143","2143",0.883333333333333
"2144","2144",1.53333333333333
"2145","2145",0.833333333333333
"2146","2146",0.333333333333333
"2147","2147",0
"2148","2148",3
"2149","2149",0.833333333333333
"2150","2150",1
"2151","2151",0.911111111111111
"2152","2152",1
"2153","2153",0.906666666666667
"2154","2154",1
"2155","2155",1
"2156","2156",2
"2157","2157",1.28571428571429
"2158","2158",0.7
"2159","2159",0.733333333333333
"2160","2160",0.333333333333333
"2161","2161",0.5
"2162","2162",0
"2163","2163",0.133333333333333
"2164","2164",0.454545454545455
"2165","2165",0.8
"2166","2166",0.8
"2167","2167",1
"2168","2168",0.5
"2169","2169",1
"2170","2170",0.555555555555556
"2171","2171",2
"2172","2172",1.05882352941176
"2173","2173",1.25
"2174","2174",0.166666666666667
"2175","2175",1
"2176","2176",1.42857142857143
"2177","2177",1
"2178","2178",0.653846153846154
"2179","2179",1.5
"2180","2180",0.333333333333333
"2181","2181",2.625
"2182","2182",0.5
"2183","2183",0.666666666666667
"2184","2184",2
"2185","2185",1
"2186","2186",1.5
"2187","2187",1.14285714285714
"2188","2188",0.714285714285714
"2189","2189",0.5
"2190","2190",0.333333333333333
"2191","2191",1.5
"2192","2192",2
"2193","2193",0.5
"2194","2194",0
"2195","2195",0.5
"2196","2196",1.15384615384615
"2197","2197",0.5
"2198","2198",0.5
"2199","2199",0.8
"2200","2200",0.454545454545455
"2201","2201",2.13333333333333
"2202","2202",1.16666666666667
"2203","2203",0.916666666666667
"2204","2204",2.93939393939394
"2205","2205",0.25
"2206","2206",0.75
"2207","2207",0.6
"2209","2209",0.833333333333333
"2210","2210",0.333333333333333
"2211","2211",1
"2212","2212",7.27272727272727
"2213","2213",2.16666666666667
"2214","2214",0.25
"2215","2215",2
"2216","2216",2
"2217","2217",2
"2218","2218",0.452631578947368
"2219","2219",1
"2220","2220",1.11111111111111
"2221","2221",0.833333333333333
"2222","2222",0.375
"2223","2223",0
"2224","2224",0.856643356643357
"2225","2225",2.16666666666667
"2226","2226",0.714285714285714
"2227","2227",2.22222222222222
"2228","2228",0.6
"2229","2229",1
"2230","2230",0
"2231","2231",0
"2232","2232",0.5
"2233","2233",0.5
"2234","2234",0.333333333333333
"2235","2235",2
"2236","2236",1.5
"2237","2237",0.9
"2238","2238",3
"2239","2239",0.856643356643357
"2240","2240",0.666666666666667
"2241","2241",1.7
"2242","2242",0.6
"2243","2243",1
"2244","2244",0.25
"2245","2245",0
"2246","2246",1
"2247","2247",2.16666666666667
"2248","2248",0.5
"2249","2249",0.682539682539683
"2250","2250",1
"2251","2251",3.2
"2252","2252",1.25
"2253","2253",0.25
"2254","2254",0.25
"2255","2255",0
"2256","2256",2.2
"2257","2257",0.333333333333333
"2258","2258",1.25
"2259","2259",2
"2260","2260",6.5
"2261","2261",0.5
"2262","2262",0.4
"2263","2263",0.6
"2264","2264",1.27272727272727
"2265","2265",0.666666666666667
"2266","2266",0.111111111111111
"2267","2267",0.5
"2268","2268",1
"2269","2269",1.25
"2270","2270",0.6
"2271","2271",1.5
"2272","2272",0
"2273","2273",0.133333333333333
"2274","2274",0.333333333333333
"2275","2275",0.833333333333333
"2276","2276",1.5
"2277","2277",0.906666666666667
"2278","2278",3
"2279","2279",0.6
"2280","2280",2
"2281","2281",0.6
"2282","2282",1.25
"2283","2283",0.2
"2284","2284",0.666666666666667
"2285","2285",1.375
"2286","2286",1.63333333333333
"2287","2287",2.25
"2288","2288",0.628571428571429
"2289","2289",0.4
"2290","2290",0.666666666666667
"2291","2291",2
"2292","2292",0.142857142857143
"2293","2293",0
"2294","2294",1
"2295","2295",0
"2296","2296",0.714285714285714
"2297","2297",0.111111111111111
"2298","2298",0.5
"2299","2299",0.467032967032967
"2300","2300",1.66666666666667
"2301","2301",1.5
"2302","2302",0
"2303","2303",0.142857142857143
"2304","2304",2
"2305","2305",1.75
"2306","2306",0.2
"2307","2307",0.666666666666667
"2308","2308",2.46666666666667
"2309","2309",1.48333333333333
"2310","2310",0.5
"2311","2311",0.8
"2312","2312",0.5
"2313","2313",1.33333333333333
"2314","2314",0.666666666666667
"2315","2315",1.48717948717949
"2316","2316",0.7
"2317","2317",0.625
"2318","2318",0
"2319","2319",0.142857142857143
"2320","2320",0.321428571428571
"2321","2321",0.5
"2322","2322",0.6
"2323","2323",2.33333333333333
"2324","2324",1.25
"2325","2325",0.75
"2326","2326",2.5
"2327","2327",2.2
"2328","2328",2.05882352941176
"2329","2329",1
"2330","2330",0
"2331","2331",2
"2332","2332",6
"2333","2333",0.866666666666667
"2334","2334",1
"2335","2335",0.25
"2336","2336",2
"2337","2337",0
"2338","2338",1.5
"2339","2339",0
"2340","2340",1.5
"2341","2341",1.33333333333333
"2342","2342",0.2
"2343","2343",0.75
"2344","2344",0.333333333333333
"2345","2345",1.45
"2346","2346",1
"2347","2347",0.833333333333333
"2348","2348",0.8
"2349","2349",0
"2350","2350",0.833333333333333
"2351","2351",1
"2352","2352",0.2
"2353","2353",0.666666666666667
"2354","2354",1.6
"2355","2355",2
"2356","2356",4
"2357","2357",0.5
"2358","2358",4
"2359","2359",0.916666666666667
"2360","2360",0.6
"2361","2361",3
"2362","2362",0.2
"2363","2363",0.5
"2364","2364",1.25
"2365","2365",3.5
"2366","2366",0
"2367","2367",0.2
"2368","2368",2.05555555555556
"2369","2369",0.833333333333333
"2370","2370",0
"2371","2371",1
"2372","2372",1.375
"2373","2373",1.525
"2374","2374",1.66666666666667
"2375","2375",1.48717948717949
"2376","2376",0.701298701298701
"2377","2377",0
"2378","2378",1
"2379","2379",1
"2380","2380",2.5
"2381","2381",0.321428571428571
"2382","2382",0.7
"2383","2383",1
"2384","2384",0.722222222222222
"2385","2385",1.5
"2386","2386",1.5
"2387","2387",0.666666666666667
"2388","2388",0
"2389","2389",0.25
"2390","2390",1.16666666666667
"2391","2391",1.375
"2392","2392",0.2
"2393","2393",0.25
"2394","2394",1
"2395","2395",0.5
"2396","2396",0
"2397","2397",0.833333333333333
"2398","2398",1
"2399","2399",1.22222222222222
"2400","2400",0.333333333333333
"2401","2401",4
"2402","2402",0.7
"2403","2403",3
"2404","2404",0.454545454545455
"2405","2405",0.833333333333333
"2406","2406",0.666666666666667
"2407","2407",0.166666666666667
"2408","2408",1.5
"2409","2409",0.6
"2410","2410",4.71111111111111
"2411","2411",0.666666666666667
"2412","2412",0.484444444444444
"2413","2413",0.5
"2414","2414",0.666666666666667
"2415","2415",1.5
"2416","2416",0.166666666666667
"2417","2417",0.25
"2418","2418",0.25
"2419","2419",0.5
"2420","2420",0.142857142857143
"2421","2421",0
"2422","2422",1
"2423","2423",0
"2424","2424",0.856643356643357
"2425","2425",0.2
"2426","2426",1
"2427","2427",0.4
"2428","2428",3.28571428571429
"2429","2429",0
"2430","2430",0.6
"2431","2431",1
"2432","2432",0.75
"2433","2433",0.476190476190476
"2434","2434",4
"2435","2435",1.5
"2436","2436",1.30263157894737
"2437","2437",0
"2438","2438",0.5
"2439","2439",0.5
"2440","2440",1.5
"2441","2441",0.142857142857143
"2442","2442",1.5
"2443","2443",0.375
"2444","2444",0.416666666666667
"2445","2445",0.333333333333333
"2446","2446",1.33333333333333
"2447","2447",1
"2448","2448",0.722222222222222
"2449","2449",0.0909090909090909
"2450","2450",2
"2451","2451",1.13333333333333
"2452","2452",1
"2453","2453",1
"2454","2454",2.5
"2455","2455",1.96111111111111
"2456","2456",0.5
"2457","2457",1.5
"2458","2458",0.333333333333333
"2459","2459",1
"2460","2460",2
"2461","2461",0.416666666666667
"2462","2462",0
"2463","2463",1.25
"2464","2464",1
"2465","2465",4.53333333333333
"2466","2466",0.5
"2467","2467",0.8
"2468","2468",1.66666666666667
"2469","2469",4.25
"2470","2470",0.606060606060606
"2471","2471",0
"2472","2472",0
"2473","2473",0.484444444444444
"2474","2474",1.25
"2475","2475",1
"2476","2476",5
"2477","2477",0
"2478","2478",0
"2479","2479",1.6
"2480","2480",0
"2481","2481",1
"2482","2482",0
"2483","2483",0
"2484","2484",1.25
"2485","2485",0.5
"2486","2486",1.5
"2487","2487",1.25
"2488","2488",0.2
"2489","2489",0.75
"2490","2490",0.666666666666667
"2491","2491",1.22222222222222
"2492","2492",1.58333333333333
"2493","2493",0.666666666666667
"2494","2494",0
"2495","2495",1.58333333333333
"2496","2496",1.16666666666667
"2497","2497",1
"2498","2498",0.722222222222222
"2499","2499",0
